id,filename,uuid,manufacturer,model,vehicle_type,color,year_manufactured,batch_date,caption,image_path,created_at,updated_at
1,BMMOCL0030201NL-Sturm und Drang_wm.tif,0AF4DAA6-9E8C-42DD-AECC-083920F34EE6,BMW,BMW M1,Car,Black,"1980, 1980s",2025-06-08,"Manufacturer: BMW | Model: BMW M1 | Type: Car | Color: Black | Year: 1980, 1980s | Combining the best of German and Italian design and engineering, the very rare M1 was designed to put BMW atop the supercar world. Designed by Giorgio Giugiaro of Ital Design, the M1 was powered by a BMW 24-valve 277 hp engine.",images/BMMOCL0030201NL-Sturm und Drang_wm.tif,NOW(),NOW()
2,CAR02DOO161442240_wm.TIF,94A2317A-0811-480E-8C57-2C263BFFB39C,Dodge,Dodge Royal Lancer Coupe,Car,Beige,"1950s, 1959",2025-06-08,"Manufacturer: Dodge | Model: Dodge Royal Lancer Coupe | Type: Car | Color: Beige | Year: 1950s, 1959 | If ignited, the tail fins on this 1959 Dodge Royal Lancer Coupe might rocket you to the moon.",images/CAR02DOO161442240_wm.TIF,NOW(),NOW()
3,CAR04CRR08061520-Modern_wm.TIF,3D0AB71F-05B1-4878-B0E3-B43D8A7EF2CD,Chrysler,Chrysler Imperial,Car,Burgundy,"1950s, 1959",2025-06-08,"Manufacturer: Chrysler | Model: Chrysler Imperial | Type: Car | Color: Burgundy | Year: 1950s, 1959 | In many ways the 1959 Chrysler Imperial represented the high-water mark of Detroit opulence, where sparkling interiors were a direct extension of the extravagant, tail-finned exteriors.",images/CAR04CRR08061520-Modern_wm.TIF,NOW(),NOW()
4,CAR05MRR12092376_ME_wm.TIF,EC2EFD87-672B-438A-94BB-F4485DA5BD83,Mercedes-Benz,Mercedes-Benz 540 K Special Roadster,Car,Black,"1930s, 1938",2025-06-08,"Manufacturer: Mercedes-Benz | Model: Mercedes-Benz 540 K Special Roadster | Type: Car | Color: Black | Year: 1930s, 1938 | The ultra-stylish 1938 Mercedes-Benz 540K Special Roadster was a fast touring car, incorporating the most advanced automotive engineering of the time. At three tons, performance was smooth and powerful, but not exactly quick. Still, this must rank as one of the most beautiful and rare pre-war Merced...",images/CAR05MRR12092376_ME_wm.TIF,NOW(),NOW()
5,CAR19CAA12239996-Bargemobile_wm.tif,C1670000-BC65-4F65-AB99-60E8585CBB03,North_American_Automobiles,Cadillac Fleetwood Eldorado,Convertible,Green,"1974, 1970-1980, 1970s",2025-06-08,"Manufacturer: North_American_Automobiles | Model: Cadillac Fleetwood Eldorado | Type: Convertible | Color: Green | Year: 1974, 1970-1980, 1970s | Every era has its illusory city where its inhabitants dream of living and thriving in a land of milk and honey. A city where fabulous wealth, love and happiness flow like wine along streets paved with gold. 
In the 16th century, this legendary city was El Dorado, and its mythic wealth led the Conqui...",images/CAR19CAA12239996-Bargemobile_wm.tif,NOW(),NOW()
6,CAR20BUU19230814- - Purple Whirl_wm.tif,E3F8D749-B115-409D-8537-56366E044C31,French Car Manufacturers,Bugatti Type 59/50B Grand Prix,Racecar,Blue,"1930-1940, 1935, 1930s",2025-06-08,"Manufacturer: French Car Manufacturers | Model: Bugatti Type 59/50B Grand Prix | Type: Racecar | Color: Blue | Year: 1930-1940, 1935, 1930s | Artistry and craftsmanship intersected in the Bugatti factory at Molsheim in Alsace. Each automotive component was hand-wrought to meet Ettore and Jean Bugatti’s engineering specifications. The hand-of-man rendered invisible thoughts into unique metallic forms. 

Like the Brooklyn Bridge, spoked whe...",images/CAR20BUU19230814- - Purple Whirl_wm.tif,NOW(),NOW()
7,CAR20BUU19230814- Red Whirl_wm.tif,41A040C5-559F-4F40-A582-6E41D4993803,French Car Manufacturers,Bugatti Type 59/50B Grand Prix,Racecar,Blue,"1930-1940, 1935, 1930s",2025-06-08,"Manufacturer: French Car Manufacturers | Model: Bugatti Type 59/50B Grand Prix | Type: Racecar | Color: Blue | Year: 1930-1940, 1935, 1930s | Artistry and craftsmanship intersected in the Bugatti factory at Molsheim in Alsace. Each automotive component was hand-wrought to meet Ettore and Jean Bugatti’s engineering specifications. The hand-of-man rendered invisible thoughts into unique metallic forms. 

Like the Brooklyn Bridge, spoked whe...",images/CAR20BUU19230814- Red Whirl_wm.tif,NOW(),NOW()
8,CAR20BUU19230814-Beryl_wm.tif,656075C9-2D13-4710-A442-0E3F30312E4B,French Car Manufacturers,Bugatti Type 59/50B Grand Prix,Racecar,Blue,"1930-1940, 1935, 1930s",2025-06-08,"Manufacturer: French Car Manufacturers | Model: Bugatti Type 59/50B Grand Prix | Type: Racecar | Color: Blue | Year: 1930-1940, 1935, 1930s | Artistry and craftsmanship intersected in the Bugatti factory at Molsheim in Alsace. Each automotive component was hand-wrought to meet Ettore and Jean Bugatti’s engineering specifications. The hand-of-man rendered invisible thoughts into unique metallic forms. 

Like the Brooklyn Bridge, spoked whe...",images/CAR20BUU19230814-Beryl_wm.tif,NOW(),NOW()
9,CAR20BUU19230814-Gold Whirl_wm.tif,66834ABF-E2FE-4864-B49A-0C0EA8791E72,French Car Manufacturers,Bugatti Type 59/50B Grand Prix,Racecar,Blue,"1930-1940, 1935, 1930s",2025-06-08,"Manufacturer: French Car Manufacturers | Model: Bugatti Type 59/50B Grand Prix | Type: Racecar | Color: Blue | Year: 1930-1940, 1935, 1930s | Artistry and craftsmanship intersected in the Bugatti factory at Molsheim in Alsace. Each automotive component was hand-wrought to meet Ettore and Jean Bugatti’s engineering specifications. The hand-of-man rendered invisible thoughts into unique metallic forms. 

Like the Brooklyn Bridge, spoked whe...",images/CAR20BUU19230814-Gold Whirl_wm.tif,NOW(),NOW()
10,CAR20BUU19230814-Hub 'N Spoke - Blue Whirl_wm.tif,CC3C7D21-8D6C-4EF3-B4F2-2FEEB1680C28,French Car Manufacturers,Bugatti Type 59/50B Grand Prix,Racecar,Blue,"1930-1940, 1935, 1930s",2025-06-08,"Manufacturer: French Car Manufacturers | Model: Bugatti Type 59/50B Grand Prix | Type: Racecar | Color: Blue | Year: 1930-1940, 1935, 1930s | Artistry and craftsmanship intersected in the Bugatti factory at Molsheim in Alsace. Each automotive component was hand-wrought to meet Ettore and Jean Bugatti’s engineering specifications. The hand-of-man rendered invisible thoughts into unique metallic forms. 

Like the Brooklyn Bridge, spoked whe...",images/CAR20BUU19230814-Hub 'N Spoke - Blue Whirl_wm.tif,NOW(),NOW()
11,CAR20BUU19230814-red-whirl_wm.tif,F2DB7C8C-0E3B-434F-B665-152186002596,French Car Manufacturers,Bugatti Type 59/50B Grand Prix,Racecar,Blue,"1930-1940, 1935, 1930s",2025-06-08,"Manufacturer: French Car Manufacturers | Model: Bugatti Type 59/50B Grand Prix | Type: Racecar | Color: Blue | Year: 1930-1940, 1935, 1930s | Artistry and craftsmanship intersected in the Bugatti factory at Molsheim in Alsace. Each automotive component was hand-wrought to meet Ettore and Jean Bugatti’s engineering specifications. The hand-of-man rendered invisible thoughts into unique metallic forms. 

Like the Brooklyn Bridge, spoked whe...",images/CAR20BUU19230814-red-whirl_wm.tif,NOW(),NOW()
12,CAR20BUU19230814-Sapphire_wm.tif,6CBE9BC1-3EB8-4FDB-AA74-88D5087531FC,French Car Manufacturers,Bugatti Type 59/50B Grand Prix,Racecar,Blue,"1930-1940, 1935, 1930s",2025-06-08,"Manufacturer: French Car Manufacturers | Model: Bugatti Type 59/50B Grand Prix | Type: Racecar | Color: Blue | Year: 1930-1940, 1935, 1930s | Artistry and craftsmanship intersected in the Bugatti factory at Molsheim in Alsace. Each automotive component was hand-wrought to meet Ettore and Jean Bugatti’s engineering specifications. The hand-of-man rendered invisible thoughts into unique metallic forms. 

Like the Brooklyn Bridge, spoked whe...",images/CAR20BUU19230814-Sapphire_wm.tif,NOW(),NOW()
13,CAR20BUU19230814-Turquoise_wm.tif,19FEA36A-89AF-41A6-A23F-5A0740DF4973,French Car Manufacturers,Bugatti Type 59/50B Grand Prix,Racecar,Blue,"1930-1940, 1935, 1930s",2025-06-08,"Manufacturer: French Car Manufacturers | Model: Bugatti Type 59/50B Grand Prix | Type: Racecar | Color: Blue | Year: 1930-1940, 1935, 1930s | Artistry and craftsmanship intersected in the Bugatti factory at Molsheim in Alsace. Each automotive component was hand-wrought to meet Ettore and Jean Bugatti’s engineering specifications. The hand-of-man rendered invisible thoughts into unique metallic forms. 

Like the Brooklyn Bridge, spoked whe...",images/CAR20BUU19230814-Turquoise_wm.tif,NOW(),NOW()
14,CAR22BUU1923081-blue-whirl_wm.tif,006A5DC8-8073-4F0F-9BE9-02F2C76CD974,Bugatti,Bugatti Type 59/50B Grand Prix,Competition Car,Blue,"1930s, 1935",2025-06-08,"Manufacturer: Bugatti | Model: Bugatti Type 59/50B Grand Prix | Type: Competition Car | Color: Blue | Year: 1930s, 1935 | Artistry and craftsmanship intersected in the Bugatti factory at Molsheim in Alsace. Each automotive component was hand-wrought to meet Ettore and Jean Bugatti’s engineering specifications. The hand-of-man rendered invisible thoughts into unique metallic forms. 

Like the Brooklyn Bridge, spoked whe...",images/CAR22BUU1923081-blue-whirl_wm.tif,NOW(),NOW()
15,CAR22BUU19230817- Rusted Whirl_wm.tif,DF355C95-44D6-4C58-9EEF-431500B0D2BC,French Car Manufacturers,Bugatti Type 59/50B Grand Prix,Racecar,Blue,"1930-1940, 1935, 1930s",2025-06-08,"Manufacturer: French Car Manufacturers | Model: Bugatti Type 59/50B Grand Prix | Type: Racecar | Color: Blue | Year: 1930-1940, 1935, 1930s | Artistry and craftsmanship intersected in the Bugatti factory at Molsheim in Alsace. Each automotive component was hand-wrought to meet Ettore and Jean Bugatti’s engineering specifications. The hand-of-man rendered invisible thoughts into unique metallic forms. 

Like the Brooklyn Bridge, spoked whe...",images/CAR22BUU19230817- Rusted Whirl_wm.tif,NOW(),NOW()
16,CAR35STT12172229_wm.TIF,EB229634-FB5E-486D-8723-01C3A386A251,Stutz,Stutz Indianapolis,Indianapolis Race Car,White,"1910s, 1914",2025-06-08,"Manufacturer: Stutz | Model: Stutz Indianapolis | Type: Indianapolis Race Car | Color: White | Year: 1910s, 1914 | Barney Oldfield raced this 1914 Stutz in the Indianapolis 500 race.",images/CAR35STT12172229_wm.TIF,NOW(),NOW()
17,CAR40AUU09258068_wm.TIF,935F7602-B424-4137-B10B-76AFE5376A51,Audi,Auto Union Type C Streamliner,Car,Silver,"1930s, 1937",2025-06-08,"Manufacturer: Audi | Model: Auto Union Type C Streamliner | Type: Car | Color: Silver | Year: 1930s, 1937 | In 2000, Audi Tradition commissioned a meticulous recreation of the famed 1937 Auto Union Type C Streamliner. This highly advanced race car employed state of the art aerodynamic design principles. At the AVUS race track in 1937, Bernd Rosemeyer drove a Streamliner to a top speed of 380ˇkm/h (236ˇmph...",images/CAR40AUU09258068_wm.TIF,NOW(),NOW()
18,CAR50JGG161542278_wm.TIF,1085D9E2-E36B-4824-A11B-A9C758A1F32B,Jaguar,Jaguar XK150,Classic Car,Blue Metallic,"1950s, 1958, 1959",2025-06-08,"Manufacturer: Jaguar | Model: Jaguar XK150 | Type: Classic Car | Color: Blue Metallic | Year: 1950s, 1958, 1959 | The 1959 Jaguar XK150 was the successor to the XK140, and was produced between 1957 and 1961. It featured a number of improvements aimed at modernizing the fabled sports car, such as a one piece windshield, thinner doors (for more interior room) and a leather trimmed dashboard. Mechanically it was v...",images/CAR50JGG161542278_wm.TIF,NOW(),NOW()
19,CAR53MSS090121487_wm.TIF,1E2B26AD-E623-4343-B5A7-78C93DAD9A89,Maserati,Lincoln C Concept,Indianapolis Race Car,,"1930s, 1938, 2000s, 2009",2025-06-08,"Manufacturer: Maserati | Model: Lincoln C Concept | Type: Indianapolis Race Car | Year: 1930s, 1938, 2000s, 2009 | Just after selling their family auto building firm to the Orsi family in 1938, the masterful Maserati brothers built three eight-cylinder Maseratis 8CTFs.  The cars were built to compete against the Germans dominating Grand Prix racing in the thirties. They were chassis numbers 3030, 3031 and 3032. ...",images/CAR53MSS090121487_wm.TIF,NOW(),NOW()
20,CAR56FOO08079299_ME_wm.TIF,4503D8DA-5905-4A36-B6F0-5699501A1094,Maserati,Lincoln C Concept,Indianapolis Race Car,Red,"1930s, 1938, 2000s, 2009, 1900s, 1909",2025-06-08,"Manufacturer: Maserati | Model: Lincoln C Concept | Type: Indianapolis Race Car | Color: Red | Year: 1930s, 1938, 2000s, 2009, 1900s, 1909 | Ford Motor Company, founded in 1903,  quickly gained dominance over the automotive world. The Model T, like this 1909 Ford Model T Touring car, set wheels turning, both figuratively and literally. This singular invention unleashed global innovations and desires to which the average man could aspire....",images/CAR56FOO08079299_ME_wm.TIF,NOW(),NOW()
21,CAR59FEE08117658_wm.TIF,8D79400D-1AFC-46BA-A696-2F475F8B0036,Ferrari,Ferrari Dino 206 S Competizione Pininfarina,Berlinetta,Yellow,"1960s, 1967",2025-06-08,"Manufacturer: Ferrari | Model: Ferrari Dino 206 S Competizione Pininfarina | Type: Berlinetta | Color: Yellow | Year: 1960s, 1967 | The 1967 Ferrari Dino 206 S Competizione was unveiled by Pininfarina at the Frankfurt Motor Show in 1967. Both a design study and a working prototype, the Yellow Dino was based on the 206 S chassis.",images/CAR59FEE08117658_wm.TIF,NOW(),NOW()
22,COETCL0150142_wm.TIF,A8FFD67A-8A34-4A92-B50E-4C702F48EA08,Cord,Cord 812 Berline Limousine,Berline Limousine,Black,"1930s, 1937",2025-06-08,"Manufacturer: Cord | Model: Cord 812 Berline Limousine | Type: Berline Limousine | Color: Black | Year: 1930s, 1937 | The 1937 Cord Model 812 Berline Limousine was built for speed and this glorious strip of two-lane blacktop is just the place to see how fast she'll go.",images/COETCL0150142_wm.TIF,NOW(),NOW()
23,CRINCL0120290-2_wm.TIF,2AA2B8E2-2F75-4DBC-A6A4-C7FFAE486443,Chrysler,Chrysler Imperial Newport,Car,Black,"1950s, 1952",2025-06-08,"Manufacturer: Chrysler | Model: Chrysler Imperial Newport | Type: Car | Color: Black | Year: 1950s, 1952 | What I Miss with the dominance of Streaming Music Services in our automobiles…

I miss the touch of knurled knobs, the sliding bar showing my station on the frequency bar, the intermittent sound of static that punches my ear drums alive, the cold clean beautifully machined feel of metal awaiting the...",images/CRINCL0120290-2_wm.TIF,NOW(),NOW()
24,DACACL0020255-2_wm.TIF,76D78EDC-4549-44EF-AC32-77F9CA922FB4,Delage,Delage D8-120 Deltasport Chapron,Cabriolet,Black,"1930s, 1938",2025-06-08,"Manufacturer: Delage | Model: Delage D8-120 Deltasport Chapron | Type: Cabriolet | Color: Black | Year: 1930s, 1938 | The 1938 Delage Cabriolet features some of the most beautiful coachwork of all time, from Henri Chapron, a company noted for its design excellence.",images/DACACL0020255-2_wm.TIF,NOW(),NOW()
25,DOVICL0430779_wm.TIF,B6E94EF9-0569-436D-AF16-5E9EA3656E27,Dodge,Dodge Viper RT-10,Car,Red,"1990s, 1992",2025-06-08,"Manufacturer: Dodge | Model: Dodge Viper RT-10 | Type: Car | Color: Red | Year: 1990s, 1992 | The 1992 Dodge Viper RT/10 was a halo car in the truest sense of the term, helping create a look and sense of excitement that spread across the entire Chrysler line up in the 1990's. Its powerful V-10 was good for 400 bhp.",images/DOVICL0430779_wm.TIF,NOW(),NOW()
26,DTRTCL0070036_wm.TIF,565BAFA7-4808-48B2-B449-B21942816F87,du Pont Motors,du Pont Model G Royal Town Car,Car,Black,"1930, 1930s",2025-06-08,"Manufacturer: du Pont Motors | Model: du Pont Model G Royal Town Car | Type: Car | Color: Black | Year: 1930, 1930s | The design of a coachbuilt Town Car was conceived by automotive designers, or carroussiers, to captivate and command respect for the passengers enclosed within the luxury car's extended wheelbase coachwork. A DuPont Town Car was particularly uncommon, as it is an American manufacturer and only appro...",images/DTRTCL0070036_wm.TIF,NOW(),NOW()
27,FETFCL0101211NL_wm.TIF,67767A44-F661-4D22-82A1-113DCF74386E,Ferrari,Ferrari 250 GT SWB Bertone,Car,Red,"1960, 1960s",2025-06-08,"Manufacturer: Ferrari | Model: Ferrari 250 GT SWB Bertone | Type: Car | Color: Red | Year: 1960, 1960s | The Ferrari 250 was a series of highly successful sports cars from the 1950s and early 1960s. This 1960 Ferrarri 250 GT SWB Chaassis #1739 Body by Bertone is one of the most exquisite.",images/FETFCL0101211NL_wm.TIF,NOW(),NOW()
28,FETRCL0100771_Heat_wm.tif,75918EDE-5361-4A1B-B9FA-311E9F8315A4,Ferrari,Ferrari 250 GT Testarossa,Spider,Red,"1980s, 1986",2025-06-08,"Manufacturer: Ferrari | Model: Ferrari 250 GT Testarossa | Type: Spider | Color: Red | Year: 1980s, 1986 | The flamboyant, mid-engined, Ferrari Testarossa has become something of a symbol for the flash and wealth of the 1980s. Featured in video games and the TV series Miami Vice, the Testarossa is nonetheless a pure blooded Ferrari, with a powerful 12-cylinder engine and racetrack-ready suspension. Desig...",images/FETRCL0100771_Heat_wm.tif,NOW(),NOW()
29,FRASCL0010125-degen-2_wm.tif,F875D7C2-F6E5-4C3C-82A9-CC05719D9557,Airomobile,Airomobile Sedan,Vintage Car,Orange,"1937, 1930-1940, 1930s",2025-06-08,"Manufacturer: Airomobile | Model: Airomobile Sedan | Type: Vintage Car | Color: Orange | Year: 1937, 1930-1940, 1930s | Looking a bit like a three-wheeled gold fish, this 1937 Airomobile Sedan was an air-cooled prototype designed by former Franklin automobile engineers. On a cross-country promotional tour, the car was driven almost 45,000 miles, averaging 43 mph! However, even this sensational economy performance cou...",images/FRASCL0010125-degen-2_wm.tif,NOW(),NOW()
30,HSHSCL0020394_wm.TIF,B4791E08-A876-4334-9003-D2AFFE29083D,Hispano-Suiza,Hispano-Suiza H6B Skiff-Torpedo,Car,Black,"1920s, 1922",2025-06-08,"Manufacturer: Hispano-Suiza | Model: Hispano-Suiza H6B Skiff-Torpedo | Type: Car | Color: Black | Year: 1920s, 1922 | Scene in the Bois de Boulogne of Paris, France, featuring 1922 Hispano-Suiza H6B automobile with handmade wood body built by coachbuilder Jean Henri-Labourdette.

The brilliant Swiss engineer, Marc Birkigt, met Emilio de la Cuadra, a Spaniard, in Paris at a motoring event. La Cuadra needed help to m...",images/HSHSCL0020394_wm.TIF,NOW(),NOW()
31,IFTICL0140103_wm.TIF,6FA84B09-FA43-467B-82E9-0395F4B2EE66,Isotta Fraschini,Isotta Fraschini Tipo 8A Castagna,Cabriolet,Beige,"1920s, 1928",2025-06-08,"Manufacturer: Isotta Fraschini | Model: Isotta Fraschini Tipo 8A Castagna | Type: Cabriolet | Color: Beige | Year: 1920s, 1928 | The mechanical skills honed in World War I producing armaments and military equipment found new expression in the 1920s. It was a ""swell"" decade that gave us the Art Deco visual art style admirably expressed in jewelry and automobiles catering to new-found wealth.

Isotta Fraschini, in particular, e...",images/IFTICL0140103_wm.TIF,NOW(),NOW()
32,JGSSCL0210372_wm.TIF,FD447A12-FF69-4DFF-97E5-B4CFC518A480,Jaguar,Jaguar SS 100 Coupe Prototype,Car,Silver,"1930s, 1938",2025-06-08,"Manufacturer: Jaguar | Model: Jaguar SS 100 Coupe Prototype | Type: Car | Color: Silver | Year: 1930s, 1938 | Two motorcycle enthusiasts, William Lyons and William Walmsley, founded Swallow Sidecar Company in 1922. Shortly thereafter, Walmsley became tired of the business, so William Lyon raised funds to buy out Walmsley and expand into sports car production. In 1934, Lyon’s newly formed company S. S. Cars ...",images/JGSSCL0210372_wm.TIF,NOW(),NOW()
33,LIZECL0100001_wm.TIF,23ECCC02-2C38-4D95-A5CA-130EE96E6402,,Lincoln-Zephyr 4-Door Sedan,Car,Black,"1930s, 1939",2025-06-08,"Model: Lincoln-Zephyr 4-Door Sedan | Type: Car | Color: Black | Year: 1930s, 1939 | In the 1930s, Ford had a reputation for extremely reliable, if somewhat banal, transportation. Although Ford could boast of engineering achievements such as the flathead V8, automotive styling was not something founder Henry Ford took much interest in at all.

This lack of interest was not found in ...",images/LIZECL0100001_wm.TIF,NOW(),NOW()
34,MRKLCL0080158_wm.tif,9DF733B1-0855-493A-A0D9-B7AE3E7B556C,Mercedes-Benz,Mercedes-Benz SSKL,Racecar,Silver,"1929, 1920s, 1920-1930",2025-06-08,"Manufacturer: Mercedes-Benz | Model: Mercedes-Benz SSKL | Type: Racecar | Color: Silver | Year: 1929, 1920s, 1920-1930 | From a cultural standpoint, the period between World War I and II was remarkably similar to the 19th century. The arts flourished, and the evolution ofautomobiles continued at a breakneck pace. Coachbuilt cars exuded refined elegance, teardrop forms turned heads, and the whine of the
supercharged en...",images/MRKLCL0080158_wm.tif,NOW(),NOW()
35,PLBHCL0050036_wm.TIF,CD290DB8-B0AD-4EDC-BF0F-8EB68A8F763C,Plymouth,Plymouth Barracuda Hemi,Car,Purple,"1970, 1970s",2025-06-08,"Manufacturer: Plymouth | Model: Plymouth Barracuda Hemi | Type: Car | Color: Purple | Year: 1970, 1970s | The expansive hood on this 1970 Plymouth Barracuda is interrupted by an enormous hood scoop designed to gulp air for the lightning quick Hemi engine.",images/PLBHCL0050036_wm.TIF,NOW(),NOW()
36,PRRSCL0112497NL_wm.TIF,39AA8621-A1B6-421D-BDAE-568977B5FA55,Porsche,Porsche 718 RSK Spyder,Car,Gray,"1950s, 1958",2025-06-08,"Manufacturer: Porsche | Model: Porsche 718 RSK Spyder | Type: Car | Color: Gray | Year: 1950s, 1958 | This 1958 Porsche 718 RSK Spyder was adapted to the center-seat configuration for participation in the Formula 2 circuit. This was an important step toward Porsche's eventual involvement in Grand Prix racing.",images/PRRSCL0112497NL_wm.TIF,NOW(),NOW()
37,RANJCL0010001_wm.TIF,8C53E617-BC40-4962-9AD1-B706188B0D1F,Plymouth,Plymouth Suburban,Car,Silver,"1950, 1950s, 1960, 1960s",2025-06-08,"Manufacturer: Plymouth | Model: Plymouth Suburban | Type: Car | Color: Silver | Year: 1950, 1950s, 1960, 1960s | It's the late 1950s, and the tail-fin craze is in full swing. Chrysler design stylist Virgil Exner has just designed a number of masterpieces featuring the Forward Look, a somewhat generic term for his swoopy confections.

As a new decade dawned, the big question at Plymouth was, ""How do you top per...",images/RANJCL0010001_wm.TIF,NOW(),NOW()
38,RRSGCL0090205-Lofty Ambition_wm.tif,5B98BEBE-5F1B-49E3-9AB2-A52C0E4EC82A,Rolls-Royce,Rolls-Royce 40/50HP Silver Ghost,Brass Era Automobile,Silver,"1910s, 1911",2025-06-08,"Manufacturer: Rolls-Royce | Model: Rolls-Royce 40/50HP Silver Ghost | Type: Brass Era Automobile | Color: Silver | Year: 1910s, 1911 | Charles Rolls's need for speed first manifested when he became a bicycle racer while studying at Cambridge in 1892. Top speeds achieved by pumping two-wheels was apparently not fast enough for the young Mister Rolls. Press reports on engine developments and the rapidly evolving four-wheeled automoti...",images/RRSGCL0090205-Lofty Ambition_wm.tif,NOW(),NOW()
39,STCSCL0020028_wm.TIF,BB410E99-B40B-4267-B08A-2C86A368F520,Studebaker,Studebaker Commander Starlight Coupe,Car,Turquoise,"1940s, 1948",2025-06-08,"Manufacturer: Studebaker | Model: Studebaker Commander Starlight Coupe | Type: Car | Color: Turquoise | Year: 1940s, 1948 | Garage of automobile hobbyist features 1948 Studebaker Commander Starlight Coupe and vintage automobile signs as well as spare parts.

After the war, America's industries began retooling for civilian production. One of the first fruits of this industrial transformation was this all-new 1948 Studebak...",images/STCSCL0020028_wm.TIF,NOW(),NOW()
40,TLGSCL0250069_wm.TIF,7B0737F3-F94C-4C04-BB60-B9077B844BE5,Talbot-Lago,Talbot-Lago T26 Grand Sport Saoutchik,Car,Blue,"1940s, 1948",2025-06-08,"Manufacturer: Talbot-Lago | Model: Talbot-Lago T26 Grand Sport Saoutchik | Type: Car | Color: Blue | Year: 1940s, 1948 | Italian born Tony Lago was exiled from his factory during World War II, but returned after the war to start up production. Among the cars offered was a bare chassis for custom coachwork, such as this masterpiece by Saoutchik.

From the ashes of World War II, there arose several automotive phoenixes ...",images/TLGSCL0250069_wm.TIF,NOW(),NOW()
41,ADASCL0020005-Austrian Nobility_wm.tif,0EF4248B-5906-4ACF-ADE3-7F4CB99800A6,Austro-Daimler,Austro-Daimler ADR 8 Alpine Sedan,Car,Burgundy,"1930s, 1932",2025-06-15,"Manufacturer: Austro-Daimler | Model: Austro-Daimler ADR 8 Alpine Sedan | Type: Car | Color: Burgundy | Year: 1930s, 1932 | Austro-Daimler was an automotive company that operated in Wiener-Neustadt, Austria from 1899 until 1934. Austro-Daimler was initially a subsidiary of the German Daimler-Motoren-Gesellschaft (DMG) until 1909, at which point it became an independent company. The company was founded by Paul Gottlieb, s...",images/ADASCL0020005-Austrian Nobility_wm.tif,NOW(),NOW()
42,ARBCCL0010275_wm.tif,FF2D270A-B132-4322-ABAF-051F216D4D4B,Alfa Romeo,Alfa Romeo B.A.T. 7 Concept Bertone,Berlinetta,Silver,"1950s, 1954",2025-06-15,"Manufacturer: Alfa Romeo | Model: Alfa Romeo B.A.T. 7 Concept Bertone | Type: Berlinetta | Color: Silver | Year: 1950s, 1954 | Dramatic 1953 Alfa Romeo B.A.T. 5 car or (Berlinetta Aerodinamica Tecnica) was designed by Bertone as an aerodynamic study. The acronym B.A.T. was a great hit in the English-speaking world because the car was actually reminiscent of a bat, with its tail shape hinting at two tucked-in wings.",images/ARBCCL0010275_wm.tif,NOW(),NOW()
43,BKSPCL0100399-fin_wm.tif,98B16026-017A-471A-AE49-600F6D98C44E,Buick,Buick Special Coupe,Car,Beige,"1950s, 1957",2025-06-15,"Manufacturer: Buick | Model: Buick Special Coupe | Type: Car | Color: Beige | Year: 1950s, 1957 | The flamboyant Detroit body styling of the 1950s often extended to the interior of the car as well. Note the lavish use of chrome and the early air conditioner.",images/BKSPCL0100399-fin_wm.tif,NOW(),NOW()
44,BUATCL0340171-Eiffel-Bleu_wm.tif,2AAF5B48-1CA6-47D4-8710-7359CE9A6A79,Bugatti,Bugatti Type 57SC Electron Atlantic Coupe,Car,Blue,"1930s, 1938",2025-06-15,"Manufacturer: Bugatti | Model: Bugatti Type 57SC Electron Atlantic Coupe | Type: Car | Color: Blue | Year: 1930s, 1938 | The 1938 Bugatti Type 57SC Electron Atlantic Coupe is quite possibly the most beautiful car of all time. Among its many unusual attributes, the Atlantic has riveted body seams because some Bugatti prototypes were made of hard-to-weld magnesium alloys. Though this car was ultimately constructed with ...",images/BUATCL0340171-Eiffel-Bleu_wm.tif,NOW(),NOW()
45,CAR00JGG14226152-Barnfresh_wm.tif,0CF75430-5DC8-402C-8B37-41332977ADE2,Jaguar,Jaguar XK120 Drophead Coupe,Sports Car,Red,1953,2025-06-15,"Manufacturer: Jaguar | Model: Jaguar XK120 Drophead Coupe | Type: Sports Car | Color: Red | Year: 1953 | One of the greatest post war sports cars of all time, the 1954 Jaguar XK 120 employed very advanced technology. A dual overhead cam 3.4 L straight-6 with an alloy cylinder head and twin side draft SU carburetors developed 160 bhp with the standard 8:1 compression ratio. The XK 120 name referred to t...",images/CAR00JGG14226152-Barnfresh_wm.tif,NOW(),NOW()
46,CAR00MII08191317_ME-Free Street Racer_wm.tif,B1C6BBFF-791A-4B44-BC99-4F7785795AC5,NA,Custom Hot Rod,Custom Car,,"1960s, 1965",2025-06-15,"Manufacturer: NA | Model: Custom Hot Rod | Type: Custom Car | Year: 1960s, 1965 | Imagine a world ravaged by a catastrophic event, where education has been lost to time, yet resilient green life persists through the desolate landscape. Amidst this urban chaos, the allure of Free Wheels becomes irresistible. Who knows? This Mad Max-inspired street racer might just lead us to a new...",images/CAR00MII08191317_ME-Free Street Racer_wm.tif,NOW(),NOW()
47,CAR01DLL122322429_wm.tif,5020C909-DC73-4107-A94C-B8751FE5669B,Delahaye,Delahaye Type 175 Saoutchik Coupe de Ville,Classic Car,Cream,"1949, 1940s",2025-06-15,"Manufacturer: Delahaye | Model: Delahaye Type 175 Saoutchik Coupe de Ville | Type: Classic Car | Color: Cream | Year: 1949, 1940s | French car manufacturer Delahaye has produced some of the most beautiful cars of all time, such as the 1949 Delahaye 175M Saoutchik Coupé de Ville.",images/CAR01DLL122322429_wm.tif,NOW(),NOW()
48,CAR01JGG09353040_wm.tif,FDBA9E78-1AD8-4D2C-A5BE-254B54B03281,Jaguar,Jaguar XK140 FHC,Classic Car,Red,"1950s, 1956",2025-06-15,"Manufacturer: Jaguar | Model: Jaguar XK140 FHC | Type: Classic Car | Color: Red | Year: 1950s, 1956 | The 1956 Jaguar XK140 was built on the incredible success of the XK120 with numerous improvements. It featured greater legroom, sturdier bumpers, and most importantly, a C-type head developed for the XKC Le Mans race cars. This boosted output to 210 horsepower at 5,750 revolutions per minute. Most i...",images/CAR01JGG09353040_wm.tif,NOW(),NOW()
49,CAR01VPP08322027-Tattoed Vespa PX200E Lusso Scooter_wm.tif,7A27B325-B41A-49E0-8A59-C02EB7C91CFC,Vespa,Vespa PX200E Lusso,Scooter,Red,"1980s, 1984",2025-06-15,"Manufacturer: Vespa | Model: Vespa PX200E Lusso | Type: Scooter | Color: Red | Year: 1980s, 1984 | After World War II, a Vespa motor scooter was a symbol of freedom. It represented the freedom to live life on your own terms, exploring the city on your own two wheels. Piaggio, a former locomotive and rail car manufacturer, quickly adapted in 1946 to producing two-wheel scooters to meet the urgent ...",images/CAR01VPP08322027-Tattoed Vespa PX200E Lusso Scooter_wm.tif,NOW(),NOW()
50,CAR02DLL21227729-Figoni_et_Falaschi-Brush_wm.tif,1857CA40-ECD8-43BC-B304-70511D756340,Delahaye,Delahaye Type 135 M,Cabriolet,Multi-colored,"1930s, 1936, 1937",2025-06-15,"Manufacturer: Delahaye | Model: Delahaye Type 135 M | Type: Cabriolet | Color: Multi-colored | Year: 1930s, 1936, 1937 | From top to bottom - 1937 Delahaye Type 135M Compétition Court Torpedo Roadster, 1936 Delahaye Type 135 Competition Court Coupé Figoni et Falaschi, and 1937 Delahaye Type 135M Torpedo Cabriolet",images/CAR02DLL21227729-Figoni_et_Falaschi-Brush_wm.tif,NOW(),NOW()
51,CAR02DLL21227729-Figoni_et_Falaschi-Engine Turning_wm.tif,0522BE4B-815C-470C-877A-716A66269690,Delahaye,Delahaye Type 135 M,Cabriolet,Multi-colored,"1930s, 1936, 1937",2025-06-15,"Manufacturer: Delahaye | Model: Delahaye Type 135 M | Type: Cabriolet | Color: Multi-colored | Year: 1930s, 1936, 1937 | From top to bottom - 1937 Delahaye Type 135M Compétition Court Torpedo Roadster, 1936 Delahaye Type 135 Competition Court Coupé Figogni et Falaschi, and 1937 Delahaye Type 135M Torpedo Cabriolet",images/CAR02DLL21227729-Figoni_et_Falaschi-Engine Turning_wm.tif,NOW(),NOW()
52,CAR02DLL21227729-Figoni_et_Falaschi-Rivets_wm.tif,77DED990-D80B-439D-9A9D-01B2EBE35627,Delahaye,Delahaye Type 135 M,Cabriolet,Multi-colored,"1930s, 1936, 1937",2025-06-15,"Manufacturer: Delahaye | Model: Delahaye Type 135 M | Type: Cabriolet | Color: Multi-colored | Year: 1930s, 1936, 1937 | From top to bottom - 1937 Delahaye Type 135M Compétition Court Torpedo Roadster, 1936 Delahaye Type 135 Competition Court Coupé Figogni et Falaschi, and 1937 Delahaye Type 135M Torpedo Cabriolet",images/CAR02DLL21227729-Figoni_et_Falaschi-Rivets_wm.tif,NOW(),NOW()
53,CAR02DLL21227729.-Figoni_et_Falaschi-Ink_wm.tif,0691A4B3-084B-4B7C-BA50-4CFE1F7D2086,Delahaye,Delahaye Type 135 M,Cabriolet,Multi-colored,"1930s, 1936, 1937",2025-06-15,"Manufacturer: Delahaye | Model: Delahaye Type 135 M | Type: Cabriolet | Color: Multi-colored | Year: 1930s, 1936, 1937 | From top to bottom - 1937 Delahaye Type 135M Compétition Court Torpedo Roadster, 1936 Delahaye Type 135 Competition Court Coupé Figogni et Falaschi, and 1937 Delahaye Type 135M Torpedo Cabriolet",images/CAR02DLL21227729.-Figoni_et_Falaschi-Ink_wm.tif,NOW(),NOW()
54,CAR02FOO19067189_wm.tif,CE2F0A14-05E5-43EB-9EF0-6651C8AA9002,Ford,Ford Custom Hot Rod,Custom Car,Multi-colored,"1930s, 1932",2025-06-15,"Manufacturer: Ford | Model: Ford Custom Hot Rod | Type: Custom Car | Color: Multi-colored | Year: 1930s, 1932 | Sheet metal patina on a 1932 Ford Deluxe reincarnated as a street rod.",images/CAR02FOO19067189_wm.tif,NOW(),NOW()
55,CAR03FII103191162_ME_wm.tif,93455B72-B77D-4690-A460-8573CA56A42F,Fiat,Fiat 1100,Taxi,,,2025-06-15,"Manufacturer: Fiat | Model: Fiat 1100 | Type: Taxi | Riding in the backseat of a taxicab can be an ordeal in any country. One must surrender the wheel to another driver and hope for the best. Shown here in India, the lucky taxicab passenger riding in this traditional 1990s Fiat 1100 black and yellow taxi is comforted by the presence of the illuminated...",images/CAR03FII103191162_ME_wm.tif,NOW(),NOW()
56,CAR03FOO19067417_ME-Flat Trap Racing_CrossProcess_wm.tif,CE7F5462-8E14-4346-ABB4-C7C13F6E70DD,,,,,,2025-06-15,Flat Trap Racing I,images/CAR03FOO19067417_ME-Flat Trap Racing_CrossProcess_wm.tif,NOW(),NOW()
57,CAR03FOO19067417_ME-Flat Trap Racing_RWB_wm.tif,842F6317-F0D2-41C6-83A5-963D36A4171C,,Ford Model A Hot Rod,Custom Car,Tri-Tone,"1930s, 1931",2025-06-15,"Model: Ford Model A Hot Rod | Type: Custom Car | Color: Tri-Tone | Year: 1930s, 1931 | Flat Trap Racing II",images/CAR03FOO19067417_ME-Flat Trap Racing_RWB_wm.tif,NOW(),NOW()
58,CAR03FOO19067417_ME-Flat Trap Racing_Sepia_wm.tif,D67D931C-FBBC-4811-9550-018ED4D83755,,,,,,2025-06-15,Flat Trap Racing III,images/CAR03FOO19067417_ME-Flat Trap Racing_Sepia_wm.tif,NOW(),NOW()
59,CAR03FOO19067417_ME-Flat Trap Racing_SplitTone-Gold_wm.tif,4602C166-E709-4EBC-B44C-EF623F5BDFC0,,Ford Model A Hot Rod,Custom Car,Gold,"1930s, 1931",2025-06-15,"Model: Ford Model A Hot Rod | Type: Custom Car | Color: Gold | Year: 1930s, 1931 | Flat Trap Racing IIII",images/CAR03FOO19067417_ME-Flat Trap Racing_SplitTone-Gold_wm.tif,NOW(),NOW()
60,CAR03FOO19067417_ME-Flat Trap Racing_SplitTone-GR_wm.tif,51174502-73E5-494F-9483-4B87FC04F0AD,,Ford Model A Hot Rod,Custom Car,Green,"1930s, 1931",2025-06-15,"Model: Ford Model A Hot Rod | Type: Custom Car | Color: Green | Year: 1930s, 1931 | Flat Trap Racing V",images/CAR03FOO19067417_ME-Flat Trap Racing_SplitTone-GR_wm.tif,NOW(),NOW()
61,CAR03FOO19067417_ME-Flat Trap Racing_TriTone-blu-mag_wm.tif,CE737C88-322D-4538-A743-80EBEB62D2EA,,Ford Model A Hot Rod,Custom Car,Purple,"1930s, 1931",2025-06-15,"Model: Ford Model A Hot Rod | Type: Custom Car | Color: Purple | Year: 1930s, 1931 | Flat Trap Racing VI",images/CAR03FOO19067417_ME-Flat Trap Racing_TriTone-blu-mag_wm.tif,NOW(),NOW()
62,CAR03FOO19067417_ME-Flat Trap Racing_TriTone_wm.tif,DE022EDA-ED9C-4C67-89BB-5EBA1B32B59A,,Ford Model A Hot Rod,Custom Car,Multi-colored,"1930s, 1931",2025-06-15,"Model: Ford Model A Hot Rod | Type: Custom Car | Color: Multi-colored | Year: 1930s, 1931 | Flat Trap Racing VII",images/CAR03FOO19067417_ME-Flat Trap Racing_TriTone_wm.tif,NOW(),NOW()
63,CAR03FOO19067417_ME-Flat Trap Racing_vector-Orange-Blue_wm.tif,04134FD2-80FA-4EE2-B54E-862862F3B915,,Ford Model A Hot Rod,Custom Car,Orange,"1930s, 1931",2025-06-15,"Model: Ford Model A Hot Rod | Type: Custom Car | Color: Orange | Year: 1930s, 1931 | Flat Trap Racing VIIII",images/CAR03FOO19067417_ME-Flat Trap Racing_vector-Orange-Blue_wm.tif,NOW(),NOW()
64,CAR03FOO19067417_ME-Flat Trap Racing_vector-Purple_wm.tif,94845AA8-62FC-4C27-B707-1A8B2E7EA759,,Ford Model A Hot Rod,Custom Car,Purple,"1930s, 1931",2025-06-15,"Model: Ford Model A Hot Rod | Type: Custom Car | Color: Purple | Year: 1930s, 1931 | Flat Trap Racing X",images/CAR03FOO19067417_ME-Flat Trap Racing_vector-Purple_wm.tif,NOW(),NOW()
65,CAR03FOO19067417_ME-Flat Trap Racing_vector-Red-wh-Blue_wm.tif,96FF94A7-D384-44E8-9A06-E5DE24CF8823,,Ford Model A Hot Rod,Custom Car,Multi-colored,"1930s, 1931",2025-06-15,"Model: Ford Model A Hot Rod | Type: Custom Car | Color: Multi-colored | Year: 1930s, 1931 | Flat Trap Racing XI",images/CAR03FOO19067417_ME-Flat Trap Racing_vector-Red-wh-Blue_wm.tif,NOW(),NOW()
66,CAR03FOO19067417_ME-Flat Trap Racing_vector-Red_wm.tif,5D5F0ED1-0478-49E1-86C0-B60E45941118,,Ford Model A Hot Rod,Custom Car,Burgundy,"1930s, 1931",2025-06-15,"Model: Ford Model A Hot Rod | Type: Custom Car | Color: Burgundy | Year: 1930s, 1931 | Flat Trap Racing VIII",images/CAR03FOO19067417_ME-Flat Trap Racing_vector-Red_wm.tif,NOW(),NOW()
67,CAR03FOO19067417_ME-Flat Trap Racing_vector-Tritone_wm.tif,D7EAA08F-C735-4D53-B82C-397C16FFD81E,,Ford Model A Hot Rod,Custom Car,Purple,"1930s, 1931",2025-06-15,"Model: Ford Model A Hot Rod | Type: Custom Car | Color: Purple | Year: 1930s, 1931 | Flat Trap Racing XII",images/CAR03FOO19067417_ME-Flat Trap Racing_vector-Tritone_wm.tif,NOW(),NOW()
68,CAR03FOO19067417_ME-Flat Trap Racing_vector_Blue_wm.tif,7AF4D35D-0BD8-4D40-B079-650293364F5D,,Ford Model A Hot Rod,Custom Car,Blue,"1930s, 1931",2025-06-15,"Model: Ford Model A Hot Rod | Type: Custom Car | Color: Blue | Year: 1930s, 1931 | Flat Trap Racing XIII",images/CAR03FOO19067417_ME-Flat Trap Racing_vector_Blue_wm.tif,NOW(),NOW()
69,CAR03FOO19067417_ME-Flat Trap Racing_vector_Burgundy_wm.tif,94FBED3E-C47B-4AB8-9D6B-B7FB7F9E42DA,,Ford Model A Hot Rod,Custom Car,Burgundy,"1930s, 1931",2025-06-15,"Model: Ford Model A Hot Rod | Type: Custom Car | Color: Burgundy | Year: 1930s, 1931 | Flat Trap Racing XIIII",images/CAR03FOO19067417_ME-Flat Trap Racing_vector_Burgundy_wm.tif,NOW(),NOW()
70,CAR03FOO19067417_ME-Flat Trap Racing_vector_Green_wm.tif,F9AC5636-A2D6-48F4-9346-28D3064F1A15,,Ford Model A Hot Rod,Custom Car,Multi-colored,"1930s, 1931",2025-06-15,"Model: Ford Model A Hot Rod | Type: Custom Car | Color: Multi-colored | Year: 1930s, 1931 | Flat Trap Racing XV",images/CAR03FOO19067417_ME-Flat Trap Racing_vector_Green_wm.tif,NOW(),NOW()
71,CAR03FOO19067417_ME-Flat Trap Racing_X-ray_wm.tif,0E874CBD-775E-4C03-9CF0-0BFFEEF91BAD,,Ford Model A Hot Rod,Custom Car,Tri-Tone,"1930s, 1931",2025-06-15,"Model: Ford Model A Hot Rod | Type: Custom Car | Color: Tri-Tone | Year: 1930s, 1931 | Flat Trap Racing XVI",images/CAR03FOO19067417_ME-Flat Trap Racing_X-ray_wm.tif,NOW(),NOW()
72,CAR03FOO19067417_ME-Flat Trap Racing_xray-Blue_wm.tif,9956EB5E-3CD5-41D6-9D19-C5A3A1E99029,,,,,,2025-06-15,Flat Trap Racing XVII,images/CAR03FOO19067417_ME-Flat Trap Racing_xray-Blue_wm.tif,NOW(),NOW()
73,CAR03FOO19067417_ME-Flat Trap Racing_xray-Forest_wm.tif,A615A771-7D64-4309-A163-8FE83E7F4898,,,,,,2025-06-15,Flat Trap Racing XVIII,images/CAR03FOO19067417_ME-Flat Trap Racing_xray-Forest_wm.tif,NOW(),NOW()
74,CAR03FOO19067417_ME-Flat Trap Racing_xray-Red_wm.tif,D25C1B43-759C-4373-ABDD-4F33FEE2B780,,,,,,2025-06-15,Flat Trap Racing XVIIII,images/CAR03FOO19067417_ME-Flat Trap Racing_xray-Red_wm.tif,NOW(),NOW()
75,CAR03FOO19067417_ME-Flat Trap Racing_xray-Turq_wm.tif,AF9A8D54-5375-4452-A9F0-F22E483958D3,,,,,,2025-06-15,Flat Trap Racing XX,images/CAR03FOO19067417_ME-Flat Trap Racing_xray-Turq_wm.tif,NOW(),NOW()
76,CAR05CHH09025142-Summertime Blues_wm.tif,87E91C01-DF2E-4F36-A0BA-568ADD12E223,Chevrolet,Chevrolet Suburban,SUV,Blue,"1970, 1970s",2025-06-15,"Manufacturer: Chevrolet | Model: Chevrolet Suburban | Type: SUV | Color: Blue | Year: 1970, 1970s | Post-modern surfer wagon built on a Chevrolet Suburban in Southern California",images/CAR05CHH09025142-Summertime Blues_wm.tif,NOW(),NOW()
77,CAR05FEE12123425_ME-DinoDelite_wm.tif,0E7C6EA6-4C70-4361-A91A-E43E5958398C,Ferrari,Ferrari Dino 308 GT4,Coupé,Red,"1970s, 1975",2025-06-15,"Manufacturer: Ferrari | Model: Ferrari Dino 308 GT4 | Type: Coupé | Color: Red | Year: 1970s, 1975 | Hand-crafted logo for 1975 Ferrari 308 GT4 Dino, a car built by Enzo Ferrari to honor his son, Dino.",images/CAR05FEE12123425_ME-DinoDelite_wm.tif,NOW(),NOW()
78,CAR05LII04006232_target_wm.tif,8132FAF1-015F-4FDD-AC61-E7C34759E1D8,,Lincoln Town Car,Armored car,Black,"2000s, 2004",2025-06-15,"Model: Lincoln Town Car | Type: Armored car | Color: Black | Year: 2000s, 2004 | 2004 Lincoln Towncar armored car with bullet holes",images/CAR05LII04006232_target_wm.tif,NOW(),NOW()
79,CAR05MSS14227020_wm.tif,811604DB-18FF-4467-8F3C-DCD55B7A2F50,Maserati,Maserati 300S,Sports Car,Red,"1950s, 1957",2025-06-15,"Manufacturer: Maserati | Model: Maserati 300S | Type: Sports Car | Color: Red | Year: 1950s, 1957 | Maserati competed favorably against Ferraris and Jaguars of the day with the introduction of the 1956 Maserati 300S. The artisanship of this hand-built race car is evident in its attention to detail.",images/CAR05MSS14227020_wm.tif,NOW(),NOW()
80,CAR05PRR11231095_ME-RS Curves - Signal Yellow on Gulf Blue-6465-sq-2_wm.tif,13D6B993-F4B9-437D-8399-736089E3DE8A,Porsche,Porsche 911 Carrera RS 2.7,Classic Car,Pink,"1970s, 1973",2025-06-15,"Manufacturer: Porsche | Model: Porsche 911 Carrera RS 2.7 | Type: Classic Car | Color: Pink | Year: 1970s, 1973 | The 1973 Porsche 911 Carrera RS 2.7 is considered to be one of the greatest Porsche 911s of all time. Conceived, designed and produced to meet homologation requirements for the sub-3.0 liter GT racing class, the aerodynamic body is badged with the model name RS for the German term Rennsport (race sp...",images/CAR05PRR11231095_ME-RS Curves - Signal Yellow on Gulf Blue-6465-sq-2_wm.tif,NOW(),NOW()
81,CAR05PRR11231095_ME-RS Curves - Tangerine on Signal Yellow-6465-sq_wm.tif,92AC5B72-2062-41AA-A1AF-99DFABE5E4FF,Porsche,Porsche 911 Carrera RS 2.7,Classic Car,Pink,"1970s, 1973",2025-06-15,"Manufacturer: Porsche | Model: Porsche 911 Carrera RS 2.7 | Type: Classic Car | Color: Pink | Year: 1970s, 1973 | The 1973 Porsche 911 Carrera RS 2.7 is considered to be one of the greatest Porsche 911s of all time. Conceived, designed and produced to meet homologation requirements for the sub-3.0 liter GT racing class, the aerodynamic body is badged with the model name RS for the German term Rennsport (race sp...",images/CAR05PRR11231095_ME-RS Curves - Tangerine on Signal Yellow-6465-sq_wm.tif,NOW(),NOW()
82,CAR05PRR11231096_RS Curves - Gulf Blue on Tangerine-sq_wm.tif,3E3FB5DF-A519-427E-AB85-E8421890413B,Porsche,Porsche 911 Carrera RS 2.7,Classic Car,Pink,"1970s, 1973",2025-06-15,"Manufacturer: Porsche | Model: Porsche 911 Carrera RS 2.7 | Type: Classic Car | Color: Pink | Year: 1970s, 1973 | The 1973 Porsche 911 Carrera RS 2.7 is considered to be one of the greatest Porsche 911s of all time. Conceived, designed and produced to meet homologation requirements for the sub-3.0 liter GT racing class, the aerodynamic body is badged with the model name RS for the German term Rennsport (race sp...",images/CAR05PRR11231096_RS Curves - Gulf Blue on Tangerine-sq_wm.tif,NOW(),NOW()
83,CAR05THH08069588_ME-Land of the Free_wm.tif,F723BB5B-0B3A-4DEE-BC4D-3ECCC94AEAFA,Thomas,Thomas 4-60 Model 35,Horseless Carriage,Gray,"1907, 1900s",2025-06-15,"Manufacturer: Thomas | Model: Thomas 4-60 Model 35 | Type: Horseless Carriage | Color: Gray | Year: 1907, 1900s | Like many car companies, Thomas got it start producing bicycles. Thomas Motor Company produced automobiles from 1902 through 1919. Based in Buffalo, New York, the first cars were mostly small runabouts with seating for two. Fairly quickly, however, Thomas developed a reputation for high-end quality,...",images/CAR05THH08069588_ME-Land of the Free_wm.tif,NOW(),NOW()
84,CAR07FEE14025410_ME_wm.tif,377D14A1-612F-4823-9D90-646F416CCD3F,Ferrari,Ferrari 500 F2,Formula 2 Race Car,Red,"1950s, 1952",2025-06-15,"Manufacturer: Ferrari | Model: Ferrari 500 F2 | Type: Formula 2 Race Car | Color: Red | Year: 1950s, 1952 | Aurelio Lampredi engineered this 2.0 liter inline-four cylinder Ferrari engine used in Formula 2 racing. Lampredi is one of the great enineering minds of the twentieth century designing innovative engines for automobiles and aircraft.",images/CAR07FEE14025410_ME_wm.tif,NOW(),NOW()
85,CAR08CHH08222535-WideOpen_wm.tif,CCE72DC2-1214-4CD0-9738-C4026CC22EAE,Chevrolet,Chevrolet Impala Convertible,Convertible,Orange,"1960s, 1966",2025-06-15,"Manufacturer: Chevrolet | Model: Chevrolet Impala Convertible | Type: Convertible | Color: Orange | Year: 1960s, 1966 | Let your hair blow back driving a 1966 Chevrolet Impala convertible.

Debuting in 1958, the Chevrolet Impala was the top-of-the-line Chevy brand for many years. The Impala is one of Chevrolet’s all-time best selling models with millions of vehicles sold through ten major restyling periods since its ...",images/CAR08CHH08222535-WideOpen_wm.tif,NOW(),NOW()
86,CAR09CHH08222560-Wrap Around Cool_wm.tif,60922DC7-91DC-4079-9BF0-71CFA8CA5D71,Chevrolet,Chevrolet Bel Air,Classic Car,Red,1957,2025-06-15,"Manufacturer: Chevrolet | Model: Chevrolet Bel Air | Type: Classic Car | Color: Red | Year: 1957 | In the early 1950's Chevrolet set out to transform itself. Chief GM designer Harley Earl appointed Edward Cole as head of Chevrolet's design department with the dictum Go all the way, then back off. Success quickly followed with the introduction of the Corvette in 1953, but it was the debut of the 1...",images/CAR09CHH08222560-Wrap Around Cool_wm.tif,NOW(),NOW()
87,CAR09CHH08222560_wm.tif,D2417160-96E4-468C-97ED-9382B6CD7054,Chevrolet,Chevrolet Bel Air,Classic Car,Red,1957,2025-06-15,"Manufacturer: Chevrolet | Model: Chevrolet Bel Air | Type: Classic Car | Color: Red | Year: 1957 | In the early 1950's Chevrolet set out to transform itself. Chief GM designer Harley Earl appointed Edward Cole as head of Chevrolet's design department with the dictum Go all the way, then back off. Success quickly followed with the introduction of the Corvette in 1953, but it was the debut of the 1...",images/CAR09CHH08222560_wm.tif,NOW(),NOW()
88,CAR10PRR11231095_ME-RS Curves - Aubergine on GulfBlue-6462-sq_wm.tif,A772FAE0-2F48-4213-BCF2-5EDD849125D1,Porsche,Porsche 911 Carrera RS 2.7,Classic Car,Pink,"1970s, 1973",2025-06-15,"Manufacturer: Porsche | Model: Porsche 911 Carrera RS 2.7 | Type: Classic Car | Color: Pink | Year: 1970s, 1973 | The 1973 Porsche 911 Carrera RS 2.7 is considered to be one of the greatest Porsche 911s of all time. Conceived, designed and produced to meet homologation requirements for the sub-3.0 liter GT racing class, the aerodynamic body is badged with the model name RS for the German term Rennsport (race sp...",images/CAR10PRR11231095_ME-RS Curves - Aubergine on GulfBlue-6462-sq_wm.tif,NOW(),NOW()
89,CAR10PRR11231095_ME-RS Curves - Aubergine on Tangerine-6474-sq_wm.tif,0563BD01-2C4F-403F-B211-093BB0F48083,Porsche,Porsche 911 Carrera RS 2.7,Classic Car,Pink,"1970s, 1973",2025-06-15,"Manufacturer: Porsche | Model: Porsche 911 Carrera RS 2.7 | Type: Classic Car | Color: Pink | Year: 1970s, 1973 | The 1973 Porsche 911 Carrera RS 2.7 is considered to be one of the greatest Porsche 911s of all time. Conceived, designed and produced to meet homologation requirements for the sub-3.0 liter GT racing class, the aerodynamic body is badged with the model name RS for the German term Rennsport (race sp...",images/CAR10PRR11231095_ME-RS Curves - Aubergine on Tangerine-6474-sq_wm.tif,NOW(),NOW()
90,CAR10PRR11231095_ME-RS Curves - Aubergine on ViperGreen-6446-6448-sq_wm.tif,2B0383E8-1040-407F-8922-D8F61EB85AAF,Porsche,Porsche 911 Carrera RS 2.7,Classic Car,Pink,"1970s, 1973",2025-06-15,"Manufacturer: Porsche | Model: Porsche 911 Carrera RS 2.7 | Type: Classic Car | Color: Pink | Year: 1970s, 1973 | The 1973 Porsche 911 Carrera RS 2.7 is considered to be one of the greatest Porsche 911s of all time. Conceived, designed and produced to meet homologation requirements for the sub-3.0 liter GT racing class, the aerodynamic body is badged with the model name RS for the German term Rennsport (race sp...",images/CAR10PRR11231095_ME-RS Curves - Aubergine on ViperGreen-6446-6448-sq_wm.tif,NOW(),NOW()
91,CAR10PRR11231095_ME-RS Curves - LSD-flare-sq_wm.tif,D894BE8E-3E56-4111-88D4-C609CB39A705,Porsche,Porsche 911 Carrera RS 2.7,Classic Car,Pink,"1970s, 1973",2025-06-15,"Manufacturer: Porsche | Model: Porsche 911 Carrera RS 2.7 | Type: Classic Car | Color: Pink | Year: 1970s, 1973 | The 1973 Porsche 911 Carrera RS 2.7 is considered to be one of the greatest Porsche 911s of all time. Conceived, designed and produced to meet homologation requirements for the sub-3.0 liter GT racing class, the aerodynamic body is badged with the model name RS for the German term Rennsport (race sp...",images/CAR10PRR11231095_ME-RS Curves - LSD-flare-sq_wm.tif,NOW(),NOW()
92,CAR10PRR11231095_ME-RS Curves - Signal Yellow on Tangerine-6499-sq_wm.tif,F2C4A99B-C2E8-4953-AC97-2709780D8FC4,Porsche,Porsche 911 Carrera RS 2.7,Classic Car,Pink,"1970s, 1973",2025-06-15,"Manufacturer: Porsche | Model: Porsche 911 Carrera RS 2.7 | Type: Classic Car | Color: Pink | Year: 1970s, 1973 | The 1973 Porsche 911 Carrera RS 2.7 is considered to be one of the greatest Porsche 911s of all time. Conceived, designed and produced to meet homologation requirements for the sub-3.0 liter GT racing class, the aerodynamic body is badged with the model name RS for the German term Rennsport (race sp...",images/CAR10PRR11231095_ME-RS Curves - Signal Yellow on Tangerine-6499-sq_wm.tif,NOW(),NOW()
93,CAR10PRR11231095_ME-RS Curves - Tangerine on Aubergine-9076ca-sq_wm.tif,97E9D986-8693-4113-8F10-5A57D178CBCC,Porsche,Porsche 911 Carrera RS 2.7,Classic Car,Pink,"1970s, 1973",2025-06-15,"Manufacturer: Porsche | Model: Porsche 911 Carrera RS 2.7 | Type: Classic Car | Color: Pink | Year: 1970s, 1973 | The 1973 Porsche 911 Carrera RS 2.7 is considered to be one of the greatest Porsche 911s of all time. Conceived, designed and produced to meet homologation requirements for the sub-3.0 liter GT racing class, the aerodynamic body is badged with the model name RS for the German term Rennsport (race sp...",images/CAR10PRR11231095_ME-RS Curves - Tangerine on Aubergine-9076ca-sq_wm.tif,NOW(),NOW()
94,CAR10PRR11231095_ME-RS Curves - Tangerine on Gulf Blue-sq_wm.tif,2FEC7E93-200C-40F2-B79E-42803A6AF20D,Porsche,Porsche 911 Carrera RS 2.7,Classic Car,Pink,"1970s, 1973",2025-06-15,"Manufacturer: Porsche | Model: Porsche 911 Carrera RS 2.7 | Type: Classic Car | Color: Pink | Year: 1970s, 1973 | The 1973 Porsche 911 Carrera RS 2.7 is considered to be one of the greatest Porsche 911s of all time. Conceived, designed and produced to meet homologation requirements for the sub-3.0 liter GT racing class, the aerodynamic body is badged with the model name RS for the German term Rennsport (race sp...",images/CAR10PRR11231095_ME-RS Curves - Tangerine on Gulf Blue-sq_wm.tif,NOW(),NOW()
95,CAR10PRR11231095_ME-RS Curves - ViperGreen on Aubergine-6446-sq_wm.tif,89C82C16-B708-4AF4-9986-2B7347781691,Porsche,Porsche 911 Carrera RS 2.7,Classic Car,Pink,"1970s, 1973",2025-06-15,"Manufacturer: Porsche | Model: Porsche 911 Carrera RS 2.7 | Type: Classic Car | Color: Pink | Year: 1970s, 1973 | The 1973 Porsche 911 Carrera RS 2.7 is considered to be one of the greatest Porsche 911s of all time. Conceived, designed and produced to meet homologation requirements for the sub-3.0 liter GT racing class, the aerodynamic body is badged with the model name RS for the German term Rennsport (race sp...",images/CAR10PRR11231095_ME-RS Curves - ViperGreen on Aubergine-6446-sq_wm.tif,NOW(),NOW()
96,CAR10PRR11231095_ME-RS Curves - ViperGreen on Tangerine-6465-sq_wm.tif,4B1507D5-6D51-4F1C-BD3D-CC158BF30555,Porsche,Porsche 911 Carrera RS 2.7,Classic Car,Pink,"1970s, 1973",2025-06-15,"Manufacturer: Porsche | Model: Porsche 911 Carrera RS 2.7 | Type: Classic Car | Color: Pink | Year: 1970s, 1973 | The 1973 Porsche 911 Carrera RS 2.7 is considered to be one of the greatest Porsche 911s of all time. Conceived, designed and produced to meet homologation requirements for the sub-3.0 liter GT racing class, the aerodynamic body is badged with the model name RS for the German term Rennsport (race sp...",images/CAR10PRR11231095_ME-RS Curves - ViperGreen on Tangerine-6465-sq_wm.tif,NOW(),NOW()
97,CAR10PRR11231095_ME-RS Curves - ViperGreen on Tangerine-grad-sq_wm.tif,D17062E5-870C-4E99-A939-2877BB9F124A,Porsche,Porsche 911 Carrera RS 2.7,Classic Car,Pink,"1970s, 1973",2025-06-15,"Manufacturer: Porsche | Model: Porsche 911 Carrera RS 2.7 | Type: Classic Car | Color: Pink | Year: 1970s, 1973 | The 1973 Porsche 911 Carrera RS 2.7 is considered to be one of the greatest Porsche 911s of all time. Conceived, designed and produced to meet homologation requirements for the sub-3.0 liter GT racing class, the aerodynamic body is badged with the model name RS for the German term Rennsport (race sp...",images/CAR10PRR11231095_ME-RS Curves - ViperGreen on Tangerine-grad-sq_wm.tif,NOW(),NOW()
98,CAR10PRR11231095_ME-RS Curves -Gulf Blue on Signal Yellow-6515-sq_wm.tif,1D9241B4-4FF7-4FD8-9420-EA47857D8486,Porsche,Porsche 911 Carrera RS 2.7,Classic Car,Pink,"1970s, 1973",2025-06-15,"Manufacturer: Porsche | Model: Porsche 911 Carrera RS 2.7 | Type: Classic Car | Color: Pink | Year: 1970s, 1973 | The 1973 Porsche 911 Carrera RS 2.7 is considered to be one of the greatest Porsche 911s of all time. Conceived, designed and produced to meet homologation requirements for the sub-3.0 liter GT racing class, the aerodynamic body is badged with the model name RS for the German term Rennsport (race sp...",images/CAR10PRR11231095_ME-RS Curves -Gulf Blue on Signal Yellow-6515-sq_wm.tif,NOW(),NOW()
99,CAR10PRR11231095_RS Curves - Gulf Blue on Viper Green-4187-sq_wm.tif,0718AA8E-DFAA-459A-8ED6-8385C79EB157,Porsche,Porsche 911 Carrera RS 2.7,Classic Car,Pink,"1970s, 1973",2025-06-15,"Manufacturer: Porsche | Model: Porsche 911 Carrera RS 2.7 | Type: Classic Car | Color: Pink | Year: 1970s, 1973 | The 1973 Porsche 911 Carrera RS 2.7 is considered to be one of the greatest Porsche 911s of all time. Conceived, designed and produced to meet homologation requirements for the sub-3.0 liter GT racing class, the aerodynamic body is badged with the model name RS for the German term Rennsport (race sp...",images/CAR10PRR11231095_RS Curves - Gulf Blue on Viper Green-4187-sq_wm.tif,NOW(),NOW()
100,CAR10PRR11231097_ME-RS Curves - Signal Yellow on Aubergine-6448-sq_wm.tif,80545899-C181-4251-900A-8A083F7F27A2,Porsche,Porsche 911 Carrera RS 2.7,Classic Car,Pink,"1970s, 1973",2025-06-15,"Manufacturer: Porsche | Model: Porsche 911 Carrera RS 2.7 | Type: Classic Car | Color: Pink | Year: 1970s, 1973 | The 1973 Porsche 911 Carrera RS 2.7 is considered to be one of the greatest Porsche 911s of all time. Conceived, designed and produced to meet homologation requirements for the sub-3.0 liter GT racing class, the aerodynamic body is badged with the model name RS for the German term Rennsport (race sp...",images/CAR10PRR11231097_ME-RS Curves - Signal Yellow on Aubergine-6448-sq_wm.tif,NOW(),NOW()
101,CAR11CHH13215060_ME-CurbService_wm.tif,B6E3EF8C-5EF4-46E8-B7FF-2CD446DAA151,Chevrolet,Chevrolet Bel Air Convertible,Classic Car,Red,"1950s, 1957",2025-06-15,"Manufacturer: Chevrolet | Model: Chevrolet Bel Air Convertible | Type: Classic Car | Color: Red | Year: 1950s, 1957 | How about some curb service to cool off on a hot summer night? A banana split and a Coca-Cola in a classic convertible could change the vibe.

Prior to the advent of air conditioning, curb service emerged as a marketing strategy employed by restaurants to attract customers on hot summer evenings. It...",images/CAR11CHH13215060_ME-CurbService_wm.tif,NOW(),NOW()
102,CAR14FOO08153371-Thunderbird at Lone Cypress_wm.tif,CCDFD915-952C-4B01-9C9F-4707417C1C97,Ford,Ford Thunderbird,Classic Car,Orange,"1950s, 1956",2025-06-15,"Manufacturer: Ford | Model: Ford Thunderbird | Type: Classic Car | Color: Orange | Year: 1950s, 1956 | The origins of the Ford Thunderbird can be traced back to the conclusion of World War II. Numerous American military personnel stationed in England during the war developed a preference for the sleek and agile MG and Jaguar sports cars. Upon their return home, these servicemen sought smaller, agile ...",images/CAR14FOO08153371-Thunderbird at Lone Cypress_wm.tif,NOW(),NOW()
103,CAR15FOO19067167_ME_Deuce Coupe Gauges_wm.tif,C07EFC63-9C6E-4C5A-8401-107D5AA2AC41,Ford,Ford Custom Hot Rod,Racecar,Rust,"1930s, 1932",2025-06-15,"Manufacturer: Ford | Model: Ford Custom Hot Rod | Type: Racecar | Color: Rust | Year: 1930s, 1932 | The Art Deco gauges on this worn wooden-bodied hot rod have evolved into a new design aesthetic.",images/CAR15FOO19067167_ME_Deuce Coupe Gauges_wm.tif,NOW(),NOW()
104,CAR16FOO08079143-Gears and Oil_wm.tif,00F69344-5F52-4203-B20F-C0E44D90B370,Ford,Ford Model T,,Gray,"1900s, 1908",2025-06-15,"Manufacturer: Ford | Model: Ford Model T | Color: Gray | Year: 1900s, 1908 | Ford Model T gears with an oil can perched on top.",images/CAR16FOO08079143-Gears and Oil_wm.tif,NOW(),NOW()
105,CAR16JGG09353032_wm.tif,4108A043-B088-42DE-92B1-5753AD92DB8F,Jaguar,Jaguar XK140 FHC,Classic Car,Red,"1950s, 1956",2025-06-15,"Manufacturer: Jaguar | Model: Jaguar XK140 FHC | Type: Classic Car | Color: Red | Year: 1950s, 1956 | The 1956 Jaguar XK140 was built on the incredible success of the XK120 with numerous improvements. It featured greater legroom, sturdier bumpers, and most importantly, a C-type head developed for the XKC Le Mans race cars. This boosted output to 210 horsepower at 5,750 revolutions per minute. Most i...",images/CAR16JGG09353032_wm.tif,NOW(),NOW()
106,CAR17JGG09353022_wm.tif,9BB52F5B-3017-4EAF-96A5-3561FCF3B0C9,Jaguar,Jaguar XK140 FHC,Classic Car,Red,"1950s, 1956",2025-06-15,"Manufacturer: Jaguar | Model: Jaguar XK140 FHC | Type: Classic Car | Color: Red | Year: 1950s, 1956 | The 1956 Jaguar XK140 was built on the incredible success of the XK120 with numerous improvements. It featured greater legroom, sturdier bumpers, and most importantly, a C-type head developed for the XKC Le Mans race cars. This boosted output to 210 horsepower at 5,750 revolutions per minute. Most i...",images/CAR17JGG09353022_wm.tif,NOW(),NOW()
107,CAR19DRR08279171_wm.tif,DE6C35BF-8080-4938-97EB-065309E0609B,Daimler,Daimler Bus,Bus,Green,"1930s, 1937",2025-06-15,"Manufacturer: Daimler | Model: Daimler Bus | Type: Bus | Color: Green | Year: 1930s, 1937 | This dashing 1937 Daimler Bus embodies some of the romance of the era, when public transportation wasn't quite so mundane as it is today.",images/CAR19DRR08279171_wm.tif,NOW(),NOW()
108,CAR19FOO19160522_ME-BoardsOnBoard-2_wm.tif,F00F3C99-B261-4CA3-A74E-6F785D26AE67,Ford,Ford Deluxe Station Wagon,Hatchback,Wood,"1940, 1940s",2025-06-15,"Manufacturer: Ford | Model: Ford Deluxe Station Wagon | Type: Hatchback | Color: Wood | Year: 1940, 1940s | The boxy shape and warm woodwork of this Ford Model A Station Wagon make it look a little like a garden-shed on wheels. Many of these workhorse Ford station wagons were used as farm vehicles. Metal was strictly rationed during World War II, so the domestic automotive market substituted wood for need...",images/CAR19FOO19160522_ME-BoardsOnBoard-2_wm.tif,NOW(),NOW()
109,CAR19MII19067287-DeathCoPilot-signed_wm.tif,B31EDAE8-6904-4CCC-987A-CC28FBF8F1D4,Ford,Custom Hot Rod,Competition Car,Burgundy,"1940s, 1944",2025-06-15,"Manufacturer: Ford | Model: Custom Hot Rod | Type: Competition Car | Color: Burgundy | Year: 1940s, 1944 | Life and death presuppose one another. True warriors feel the presence of death in their life, especially racing drivers who track an ephemeral “ racing line"" as they chase maximum speeds through turns and chicanes. The skeleton driver behind the wheel of this hot rod begs the question: “Who’s reall...",images/CAR19MII19067287-DeathCoPilot-signed_wm.tif,NOW(),NOW()
110,CAR19RAN08222530_Love at the Bus Stop_wm.tif,72204FB9-19B0-4BEB-AB85-C7FC3F62FEEB,,,Classic Car,Purple,,2025-06-15,"Type: Classic Car | Color: Purple | Kisses and Purple Passion combusts in front of the former Metro Diner, now Auto, Title and Loan",images/CAR19RAN08222530_Love at the Bus Stop_wm.tif,NOW(),NOW()
111,CAR21FEE112571030-Warp Speed_wm.tif,18BC1E40-ED6D-456B-A97E-9C4FF3B220A3,Italian Car Manufacturers,Ferrari 458 Spider,Luxury Car,Red,"2010s, 2012",2025-06-15,"Manufacturer: Italian Car Manufacturers | Model: Ferrari 458 Spider | Type: Luxury Car | Color: Red | Year: 2010s, 2012 | The ultra-stylish 2012 Ferrari 458 Spider features a 570 horsepower V-8 engine mated to one of Ferrari’s most civilized chassis. The end result is a GT car that can sprint to 60 mph in under 3 seconds, yet provide comfortable open road conveyance all day long. This Gran Turismo is designed with remo...",images/CAR21FEE112571030-Warp Speed_wm.tif,NOW(),NOW()
112,CAR21MII19068619_wm.tif,70BB9E2E-5E02-4181-A7E3-4FAA022ED55B,Ford,Custom Hot Rod,Custom Car,,1940s,2025-06-15,Manufacturer: Ford | Model: Custom Hot Rod | Type: Custom Car | Year: 1940s | Starting Line - Feel the adrenalin,images/CAR21MII19068619_wm.tif,NOW(),NOW()
113,CAR22BUU1923081-Hub 'N Spoke_wm.tif,AAAF2BF2-9959-415E-A9B2-66625FF1FE53,Bugatti,Bugatti Type 59/50B Grand Prix,Competition Car,Blue,"1930s, 1935",2025-06-15,"Manufacturer: Bugatti | Model: Bugatti Type 59/50B Grand Prix | Type: Competition Car | Color: Blue | Year: 1930s, 1935 | Artistry and craftsmanship intersected in the Bugatti factory at Molsheim in Alsace. Each automotive component was hand-wrought to meet Ettore and Jean Bugatti’s engineering specifications. The hand-of-man rendered invisible thoughts into unique metallic forms. 

Like the Brooklyn Bridge, spoked whe...",images/CAR22BUU1923081-Hub 'N Spoke_wm.tif,NOW(),NOW()
114,CAR22CHH082222143-American Icon_wm.tif,5C1AFAEC-03C3-42EA-A473-6D17C291595A,Chevrolet,Chevrolet Bel Air,Custom Car,Multi-colored,"1950s, 1957",2025-06-15,"Manufacturer: Chevrolet | Model: Chevrolet Bel Air | Type: Custom Car | Color: Multi-colored | Year: 1950s, 1957 | Three cheers for the red, white and blue. In the early 1950s, Chevrolet set out to transform itself. Chief GM designer Harley Earl appointed Edward Cole as head of Chevrolet's design department with the dictum ""Go all the way, then back off"". Success quickly followed with the introduction of the Cor...",images/CAR22CHH082222143-American Icon_wm.tif,NOW(),NOW()
115,CAR22CRR08222522-Wondurous_wm.tif,3096EA22-4473-489A-8F02-B5BFC2B8CD86,Chrysler,Ack Attack Streamliner,Classic Car,Black,"1950s, 1956",2025-06-15,"Manufacturer: Chrysler | Model: Ack Attack Streamliner | Type: Classic Car | Color: Black | Year: 1950s, 1956 | The 1956 Chrysler New Yorker embodied car stylist Virgil Exner’s “Forward Look” of long, low, wide proportions, and swooping tail fins. Some would argue that the 1956 Chryslers were the best examples of this automotive style philosophy, before tail fins utterly dominated the look of the car the foll...",images/CAR22CRR08222522-Wondurous_wm.tif,NOW(),NOW()
116,CAR23PGG122322398NL_wm.tif,E8F99AC2-BB2F-4E9F-842A-50D5EF739015,Peugeot,Peugeot 302 DS Darl'mat Pourtout Cabriolet,Cabriolet,Two-Tone,"1937, 1930s",2025-06-15,"Manufacturer: Peugeot | Model: Peugeot 302 DS Darl'mat Pourtout Cabriolet | Type: Cabriolet | Color: Two-Tone | Year: 1937, 1930s | The direct predecessor to the Peugeot 402 Darl'mat Legere Special Sport Roadster Recreation, the 302 DS Darl'mat Pourtout Cabriolet rode on a smaller chassis. This is a pre-war French masterpiece, featuring a sleek aluminum body extensively refined in a wind tunnel. Very lightweight for the time, th...",images/CAR23PGG122322398NL_wm.tif,NOW(),NOW()
117,CAR23RTN142831761-9 Mile Hill_wm.tif,343B6179-9163-4DDA-890D-F62A494AEA1F,,,,,,2025-06-15,"As you traverse Route 66 eastward, you effortlessly descend from Nine Mile Hill, your spirits lifted by the prospect of Albuquerque, New Mexico. The magnificent Rio Grande Valley unfolds before you, its city lights gleaming in the distance.

Nine Mile Hill offers a breathtaking panoramic view of a v...",images/CAR23RTN142831761-9 Mile Hill_wm.tif,NOW(),NOW()
118,CAR24DOO152002094-Lifeguard_wm.tif,908DE090-6357-4EEF-A2D9-F485FBA40F74,Dodge,Dodge Westchester Suburban,Woodie Wagon,Wood,1936,2025-06-15,"Manufacturer: Dodge | Model: Dodge Westchester Suburban | Type: Woodie Wagon | Color: Wood | Year: 1936 | The master of woodie wagon bodies was JT Cantrell & Co, a company dedicated to building wooden station wagon bodies from the teens until the 1950s. The Dodge Westchester Suburban was a limited production model with excellent attention to detail, just what you want if you need a lifeguard.",images/CAR24DOO152002094-Lifeguard_wm.tif,NOW(),NOW()
119,CAR24ROO08212148_wm.tif,EFF7211A-DF76-4799-848B-E2536C4FBB51,,,,,,2025-06-15,"The Geiger Grade, undoubtedly one of the hazardous existing highways in the American West, was constructed by two resolute engineers, Davison Geiger and John Tilton. The initial toll road was meticulously designed to accommodate mule-powered wagons transporting silver ore, passengers, and prospector...",images/CAR24ROO08212148_wm.tif,NOW(),NOW()
120,CAR24VWW16071231-Low_Tide_wm.tif,578FF3F7-06F3-41AD-9A5C-B76D4BB0AF50,Volkswagen,Volkswagen Type 2 Super Deluxe '23-Window' Microbus,Camper,Turquoise,"1960s, 1963",2025-06-15,"Manufacturer: Volkswagen | Model: Volkswagen Type 2 Super Deluxe '23-Window' Microbus | Type: Camper | Color: Turquoise | Year: 1960s, 1963 | With its matching camping trailer, this VW Microbus afforded sweeping panoramic views of the passing scenery for the adventurous tourist. 

Well-known for it’s minimalist advertising campaign, one of it’s famous magazine advertisements featured an image of the VW Transporter on a white background wi...",images/CAR24VWW16071231-Low_Tide_wm.tif,NOW(),NOW()
121,CAR26PGG08230719_wm.tif,AD52BEFB-2335-4E89-843F-F4EE38AFCA66,Peugeot,Peugeot 402BL Eclipse Decapotable,Car,White,"1938, 1930s",2025-06-15,"Manufacturer: Peugeot | Model: Peugeot 402BL Eclipse Decapotable | Type: Car | Color: White | Year: 1938, 1930s | An ultra-fashionable automobile from the oldest continually in operation automotive manufacturer in the world, Peugeot. Red on red interior adorns the 1938 Peugeot 402BL Eclipse Decapotable on the interior, while the exterior contributed concealed headlamps and art deco design touches.",images/CAR26PGG08230719_wm.tif,NOW(),NOW()
122,CAR28NAA15199058-3_wm.tif,306945CA-0F97-4F5F-BDD0-30596443B93A,Nash,Nash Ambassador Eight,Rat Rod,,"1940, 1940s",2025-06-15,"Manufacturer: Nash | Model: Nash Ambassador Eight | Type: Rat Rod | Year: 1940, 1940s | Born as a 1940 Nash Ambassador Eight, this is a unique rat-rod under development.",images/CAR28NAA15199058-3_wm.tif,NOW(),NOW()
123,CAR30MII19068614_ME_Lavender_wm.tif,8C939319-0379-4C2A-8A02-303B6936C369,,,Racecar,Gray,,2025-06-15,"Type: Racecar | Color: Gray | It’s a chicken and egg problem.
You build a car, but there is no where to drive. FAST.

Early motorcar engineers liked to test their inventions on flat land with hard-packed surfaces to increase their odds for recovery in case things went wrong. Think ‘Top Gun’ training on land. 

Daytona and Ormond...",images/CAR30MII19068614_ME_Lavender_wm.tif,NOW(),NOW()
124,CAR30MII19068614_ME_Lush_wm.tif,B790ABB0-ED66-4E2C-865A-9A5CC8874F92,,,Custom Car,Gray,,2025-06-15,"Type: Custom Car | Color: Gray | It’s a chicken and egg problem.
You build a car, but there is no where to drive. FAST.

Early motorcar engineers liked to test their inventions on flat land with hard-packed surfaces to increase their odds for recovery in case things went wrong. Think ‘Top Gun’ training on land. 

Daytona and Ormond...",images/CAR30MII19068614_ME_Lush_wm.tif,NOW(),NOW()
125,CAR30MII19068614_Santa Barbara Drag Race - Sienna_wm.tif,AC32FC3B-7052-4CDB-9DFE-914D4EF00BD3,,,Custom Car,Gray,,2025-06-15,"Type: Custom Car | Color: Gray | It’s a chicken and egg problem.
You build a car, but there is no where to drive. FAST.

Early motorcar engineers liked to test their inventions on flat land with hard-packed surfaces to increase their odds for recovery in case things went wrong. Think ‘Top Gun’ training on land. 

Daytona and Ormond...",images/CAR30MII19068614_Santa Barbara Drag Race - Sienna_wm.tif,NOW(),NOW()
126,CAR30MII19068614_Santa Barbara Drag Race_wm.tif,D3C3FBB5-3A9C-4243-A466-25A5D6EEA859,,,Custom Car,Gray,,2025-06-15,"Type: Custom Car | Color: Gray | It’s a chicken and egg problem.
You build a car, but there is no where to drive. FAST.

Early motorcar engineers liked to test their inventions on flat land with hard-packed surfaces to increase their odds for recovery in case things went wrong. Think ‘Top Gun’ training on land. 

Daytona and Ormond...",images/CAR30MII19068614_Santa Barbara Drag Race_wm.tif,NOW(),NOW()
127,CAR32CHH18307236_ME_Blue Smog_wm.tif,49BA41CD-0013-4187-A6DA-63FAB63D6B0F,Chevrolet,Chevrolet Chevelle,Compact Car,Blue,"1960s, 1964",2025-06-15,"Manufacturer: Chevrolet | Model: Chevrolet Chevelle | Type: Compact Car | Color: Blue | Year: 1960s, 1964 | Smog check certification garage",images/CAR32CHH18307236_ME_Blue Smog_wm.tif,NOW(),NOW()
128,CAR33AMM131451494_ME_wm.tif,6DADA3C8-2239-4A21-945F-69251FA23BFC,Aston Martin,Aston Martin DB4 SS Saloon Touring,Coupé,Gray,"1960s, 1962",2025-06-15,"Manufacturer: Aston Martin | Model: Aston Martin DB4 SS Saloon Touring | Type: Coupé | Color: Gray | Year: 1960s, 1962 | As befits a Grand Tourer, this 1962 Aston Martin DB4 SS Saloon Touring has some special amenities to assist its owner on cross-continental adventures. It’s understated good looks hide a Special Series’ engine with triple carbs, bigger valves and higher compression. Overdrive, upgraded differential a...",images/CAR33AMM131451494_ME_wm.tif,NOW(),NOW()
129,CAR33MII15199198_Feet to Stop_wm.tif,BBC45509-23D0-4211-A2E8-B3549018A26F,Phantom,Phantom Corsair,Car,Black,"1938, 1930s",2025-06-15,"Manufacturer: Phantom | Model: Phantom Corsair | Type: Car | Color: Black | Year: 1938, 1930s | Designed by Russ Heinz, scion of the famous 57 Varieties family, the sinister 1938 Phantom Corsair featured airplane cockpit instrumentation, including an altimeter, barometer, and compass.",images/CAR33MII15199198_Feet to Stop_wm.tif,NOW(),NOW()
130,CAR34FEE14025487_wm.tif,B48BDA7E-5C7F-4401-9F49-23B95DFF3B1E,Ferrari,Ferrari 250 LM,Sports Car,Red,"1960s, 1964",2025-06-15,"Manufacturer: Ferrari | Model: Ferrari 250 LM | Type: Sports Car | Color: Red | Year: 1960s, 1964 | The 1964 Ferrari 250 LM is a low, sleek and stylish masterpiece by automotive coachbuilder Scaglietti, cloaking a mid-engine V-12 engine that demands attention, on the race track or street. Here is a car that stirs the soul, regardless of whether or not you are an automotive aficionado. The extremel...",images/CAR34FEE14025487_wm.tif,NOW(),NOW()
131,CAR35FOO10255062_wm.tif,84BF0AF4-4CD8-4929-A38A-CB2F50229641,Ford,Ford Thunderbird,Car,Red,"1950s, 1956",2025-06-15,"Manufacturer: Ford | Model: Ford Thunderbird | Type: Car | Color: Red | Year: 1950s, 1956 | The genesis of the Ford Thunderbird can be traced back to the end of World War II. Many American GI's stationed in England during the war acquired a taste for the sleek and agile MG's and Jaguars. Chevy answered the call with its famous Corvette, prompting Ford's brilliant response. The Thunderbird ...",images/CAR35FOO10255062_wm.tif,NOW(),NOW()
132,CAR36MSS15228519_ME_wm.tif,7EF49019-5D12-4490-8B71-4C74B43D56A5,Maserati,Ferrari 250 GT SWB Scaglietti Spyder California,Berlinetta,Black,"1960s, 1961",2025-06-15,"Manufacturer: Maserati | Model: Ferrari 250 GT SWB Scaglietti Spyder California | Type: Berlinetta | Color: Black | Year: 1960s, 1961 | Distressed paint on original 1955 Maserati A6G 2000 Zagato Coupe",images/CAR36MSS15228519_ME_wm.tif,NOW(),NOW()
133,CAR37RAN08211107-Thunderbird Motel_wm.tif,B1D06AF8-E235-4D09-8A1D-D0F028E4A059,,,,,,2025-06-15,"Thunderbird Motel in Reno, Nevada",images/CAR37RAN08211107-Thunderbird Motel_wm.tif,NOW(),NOW()
134,CAR41VWW08325371_ME_wm.tif,DCCF2D75-BA87-40A1-95D3-82FD5765A300,Porsche,Porsche 718 Cayman S,Classic Car,Black,"1960s, 1964, 2000s, 2009",2025-06-15,"Manufacturer: Porsche | Model: Porsche 718 Cayman S | Type: Classic Car | Color: Black | Year: 1960s, 1964, 2000s, 2009 | First introduced to the American market in 1949, the mass production of the Volkswagen Beetle was instrumental in Germany's post-war economic reconstruction and became an international symbol of practicality and reliability.",images/CAR41VWW08325371_ME_wm.tif,NOW(),NOW()
135,CAR43MII19067368_wm.tif,6D30A986-E459-4D9A-B6BE-1CD2BF520846,,Custom Hot Rod,Custom Car,Black,2010s,2025-06-15,"Model: Custom Hot Rod | Type: Custom Car | Color: Black | Year: 2010s | A rolling work of art, the Kultleader street rod cruises the parking lot.",images/CAR43MII19067368_wm.tif,NOW(),NOW()
136,CAR46MII19068752_Crimson_wm.tif,4D879C43-7B9B-4608-A5E4-C932F4DE4666,Chevrolet,Chevrolet Thiftmaster,Pickup Truck,Rust,1947,2025-06-15,"Manufacturer: Chevrolet | Model: Chevrolet Thiftmaster | Type: Pickup Truck | Color: Rust | Year: 1947 | Utilizing a metal grinder, an innovative hot rod owner has transformed this rusted pickup truck hood into a work of art.",images/CAR46MII19068752_Crimson_wm.tif,NOW(),NOW()
137,CAR46MII19068752_Ground Splendor - Green_wm.tif,4DD2FF40-E754-486C-B793-293C9279FACB,Chevrolet,Chevrolet Thiftmaster,Pickup Truck,Rust,1947,2025-06-15,"Manufacturer: Chevrolet | Model: Chevrolet Thiftmaster | Type: Pickup Truck | Color: Rust | Year: 1947 | Utilizing a metal grinder, an innovative hot rod owner has transformed this rusted pickup truck hood into a work of art.",images/CAR46MII19068752_Ground Splendor - Green_wm.tif,NOW(),NOW()
138,CAR46MII19068752_Ground Splendor - Purple_wm.tif,5D5CDBB4-1440-4601-93C7-D28B908CB526,Chevrolet,Chevrolet Thiftmaster,Pickup Truck,Rust,1947,2025-06-15,"Manufacturer: Chevrolet | Model: Chevrolet Thiftmaster | Type: Pickup Truck | Color: Rust | Year: 1947 | Utilizing a metal grinder, an innovative hot rod owner has transformed this rusted pickup truck hood into a work of art.",images/CAR46MII19068752_Ground Splendor - Purple_wm.tif,NOW(),NOW()
139,CAR46MII19068752_Ground Splendor - Rust_wm.tif,7CF607DE-9AFD-4534-8ED5-4B733CFA6486,Chevrolet,Chevrolet Thiftmaster,Pickup Truck,Rust,1947,2025-06-15,"Manufacturer: Chevrolet | Model: Chevrolet Thiftmaster | Type: Pickup Truck | Color: Rust | Year: 1947 | Utilizing a metal grinder, an innovative hot rod owner has transformed this rusted pickup truck hood into a work of art.",images/CAR46MII19068752_Ground Splendor - Rust_wm.tif,NOW(),NOW()
140,CAR46MII19068752_Ground Splendor - Vermillion_wm.tif,0830D49F-287B-407D-B264-CF1B5BCDC790,Chevrolet,Chevrolet Thiftmaster,Pickup Truck,Rust,1947,2025-06-15,"Manufacturer: Chevrolet | Model: Chevrolet Thiftmaster | Type: Pickup Truck | Color: Rust | Year: 1947 | Utilizing a metal grinder, an innovative hot rod owner has transformed this rusted pickup truck hood into a work of art.",images/CAR46MII19068752_Ground Splendor - Vermillion_wm.tif,NOW(),NOW()
141,CAR48VWW08222677_ME-Eyes on Hot Rod_wm.tif,7FCB5AB1-C643-4C92-A03E-F9FB968AE0B5,Volkswagen,Volkswagen Convertible Hot Rod,Convertible,Blue,"1966, 1960s",2025-06-15,"Manufacturer: Volkswagen | Model: Volkswagen Convertible Hot Rod | Type: Convertible | Color: Blue | Year: 1966, 1960s | Customized 1966 Volkswagen Convertible Hot Rod",images/CAR48VWW08222677_ME-Eyes on Hot Rod_wm.tif,NOW(),NOW()
142,CAR50FOO08222534-Cruising_wm.tif,323DB737-1F68-4665-BE84-7D74B2BE4A07,Ford,Ford Model A,Vintage Car,,,2025-06-15,"Manufacturer: Ford | Model: Ford Model A | Type: Vintage Car | Cruising in classic cars on Virginia Street in Reno, Nevada",images/CAR50FOO08222534-Cruising_wm.tif,NOW(),NOW()
143,CAR50HOO09025154_Crash_wm.tif,09B07C8C-C984-46FC-A4EA-6F00CD4E759A,Asian_Automobiles,Honda Element,SUV,Gray,2008,2025-06-15,"Manufacturer: Asian_Automobiles | Model: Honda Element | Type: SUV | Color: Gray | Year: 2008 | The Honda Element was conceived for the North American market as a crossover utility vehicles from 2003-2011. It’s hard to know if the one of the intended uses was a modern surf wagon, but it certainly fit the bill for a new generation of California surfers. With five-doors and a boxy high-ceiling s...",images/CAR50HOO09025154_Crash_wm.tif,NOW(),NOW()
144,CAR51MII19067027-Chopped Rod II_wm.tif,BD9E79D5-976F-46C7-84E9-CC2839E8F327,Miscellaneous,,Coupé,,"1940s, 1941",2025-06-15,"Manufacturer: Miscellaneous | Type: Coupé | Year: 1940s, 1941 | After World War II, many pre-war American cars were chopped, modified, and brought back to life as cool hot rods. These are super customized vehicles that are perfect for racing or just cruising around reflecting a new automotive aesthetic.",images/CAR51MII19067027-Chopped Rod II_wm.tif,NOW(),NOW()
145,CAR51MII19067027-Chopped Rod IV_wm.tif,7D353364-9FA9-414A-A23E-E9EFB5AD9492,Miscellaneous,,Coupé,,"1940s, 1941",2025-06-15,"Manufacturer: Miscellaneous | Type: Coupé | Year: 1940s, 1941 | After World War II, many pre-war American cars were chopped, modified, and brought back to life as cool hot rods. These are super customized vehicles that are perfect for racing or just cruising around reflecting a new automotive aesthetic.",images/CAR51MII19067027-Chopped Rod IV_wm.tif,NOW(),NOW()
146,CAR51MII19067027-ME-Chopped Rod V_wm.tif,C0C37C0C-B0C2-4878-A02D-70F6DE26B449,Miscellaneous,,Coupé,,"1940s, 1941",2025-06-15,"Manufacturer: Miscellaneous | Type: Coupé | Year: 1940s, 1941 | After World War II, many pre-war American cars were chopped, modified, and brought back to life as cool hot rods. These are super customized vehicles that are perfect for racing or just cruising around reflecting a new automotive aesthetic.",images/CAR51MII19067027-ME-Chopped Rod V_wm.tif,NOW(),NOW()
147,CAR51MII19067027_Chopped Rod I_wm.tif,B03F361F-00B6-4402-AB3A-CB486D045EC5,Miscellaneous,,Coupé,,"1940s, 1941",2025-06-15,"Manufacturer: Miscellaneous | Type: Coupé | Year: 1940s, 1941 | After World War II, many pre-war American cars were chopped, modified, and brought back to life as cool hot rods. These are super customized vehicles that are perfect for racing or just cruising around reflecting a new automotive aesthetic.",images/CAR51MII19067027_Chopped Rod I_wm.tif,NOW(),NOW()
148,CAR51MII19067027_Chopped Rod III_wm.tif,F0ED03F1-9E7A-4F84-90FA-F25DB75F688B,Miscellaneous,,Coupé,,"1940s, 1941",2025-06-15,"Manufacturer: Miscellaneous | Type: Coupé | Year: 1940s, 1941 | After World War II, many pre-war American cars were chopped, modified, and brought back to life as cool hot rods. These are super customized vehicles that are perfect for racing or just cruising around reflecting a new automotive aesthetic.",images/CAR51MII19067027_Chopped Rod III_wm.tif,NOW(),NOW()
149,CAR51MII19067027_ME_ChoppedRodVI_wm.tif,84CCBEB6-8795-408B-9ED9-1BAD343C15F1,Miscellaneous,,Coupé,,"1940s, 1941",2025-06-15,"Manufacturer: Miscellaneous | Type: Coupé | Year: 1940s, 1941 | After World War II, many pre-war American cars were chopped, modified, and brought back to life as cool hot rods. These are super customized vehicles that are perfect for racing or just cruising around reflecting a new automotive aesthetic.",images/CAR51MII19067027_ME_ChoppedRodVI_wm.tif,NOW(),NOW()
150,CAR52BUU10227103-2_wm.tif,C16F042E-F4BE-4025-90AF-AA44267C069A,Bugatti,Bugatti Type 57SC Electron Atlantic Coupe,Car,Gray,"1930s, 1937",2025-06-15,"Manufacturer: Bugatti | Model: Bugatti Type 57SC Electron Atlantic Coupe | Type: Car | Color: Gray | Year: 1930s, 1937 | During the depths of the Great Depression, father and son team Ettore and Jean Bugatti knew they had to launch the most alluring car ever built for the family-owned automotive manufacturer to survive the economic downturn. In this critical moment, Jean Bugatti crafted the sensuous rivet design runni...",images/CAR52BUU10227103-2_wm.tif,NOW(),NOW()
151,CAR52BUU10227103_wm.tif,DE8F6808-1829-4987-B004-0D739C8B3165,Bugatti,Bugatti Type 57SC Electron Atlantic Coupe,Car,Gray,"1930s, 1937",2025-06-15,"Manufacturer: Bugatti | Model: Bugatti Type 57SC Electron Atlantic Coupe | Type: Car | Color: Gray | Year: 1930s, 1937 | During the depths of the Great Depression, father and son team Ettore and Jean Bugatti knew they had to launch the most alluring car ever built for the family-owned automotive manufacturer to survive the economic downturn. In this critical moment, Jean Bugatti crafted the sensuous rivet design runni...",images/CAR52BUU10227103_wm.tif,NOW(),NOW()
152,CAR52FOO19067007-Indian Chief-Turquoise Wave_ME_wm.tif,D21A18CB-FC48-44EC-B638-B58DFE8F95C2,Ford,Ford V-8 1/2 ton Pickup Truck,Motorcycle,Black,"1930s, 1933",2025-06-15,"Manufacturer: Ford | Model: Ford V-8 1/2 ton Pickup Truck | Type: Motorcycle | Color: Black | Year: 1930s, 1933 | The stuff of racing legends, this 1932 Indian Chief unrestored motorcycle is appropriately loaded in a 1933 Ford V-8 1/2 ton Pickup truck. Cast your mind back to the early days of motorcycle racing from the 1930s, and this pair of machines helps complete the mental image. All that is missing is the ...",images/CAR52FOO19067007-Indian Chief-Turquoise Wave_ME_wm.tif,NOW(),NOW()
153,CAR52FOO19067007-IndianChief-sand_ME_wm.tif,689CADBD-8247-45E4-94BD-6D9FEB43A0FC,Ford,Ford V-8 1/2 ton Pickup Truck,Motorcycle,Black,"1930s, 1933",2025-06-15,"Manufacturer: Ford | Model: Ford V-8 1/2 ton Pickup Truck | Type: Motorcycle | Color: Black | Year: 1930s, 1933 | The stuff of racing legends, this 1932 Indian Chief unrestored motorcycle is appropriately loaded in a 1933 Ford V-8 1/2 ton Pickup truck. Cast your mind back to the early days of motorcycle racing from the 1930s, and this pair of machines helps complete the mental image. All that is missing is the ...",images/CAR52FOO19067007-IndianChief-sand_ME_wm.tif,NOW(),NOW()
154,CAR52FOO19067007-stylized_ME-Black+White_wm.tif,A108D296-9233-48D2-B31D-A19F5178CF12,Ford,Ford V-8 1/2 ton Pickup Truck,Motorcycle,Black,"1930s, 1933",2025-06-15,"Manufacturer: Ford | Model: Ford V-8 1/2 ton Pickup Truck | Type: Motorcycle | Color: Black | Year: 1930s, 1933 | The stuff of racing legends, this 1932 Indian Chief unrestored motorcycle is appropriately loaded in a 1933 Ford V-8 1/2 ton Pickup truck. Cast your mind back to the early days of motorcycle racing from the 1930s, and this pair of machines helps complete the mental image. All that is missing is the ...",images/CAR52FOO19067007-stylized_ME-Black+White_wm.tif,NOW(),NOW()
155,CAR52FOO19067007Indian Chief-SB-Riviera_wm.tif,12739463-6E97-4D41-9662-BBB62CDA2D8C,Ford,Ford V-8 1/2 ton Pickup Truck,Motorcycle,Black,"1930s, 1933",2025-06-15,"Manufacturer: Ford | Model: Ford V-8 1/2 ton Pickup Truck | Type: Motorcycle | Color: Black | Year: 1930s, 1933 | The stuff of racing legends, this 1932 Indian Chief unrestored motorcycle is appropriately loaded in a 1933 Ford V-8 1/2 ton Pickup truck. Cast your mind back to the early days of motorcycle racing from the 1930s, and this pair of machines helps complete the mental image. All that is missing is the ...",images/CAR52FOO19067007Indian Chief-SB-Riviera_wm.tif,NOW(),NOW()
156,CAR52FOO19067008-IndianChief-magenta_wm.tif,01AE4133-F493-42BF-8B70-CB114447C7EC,Indian Motorcycle,Ford V-8 1/2 ton Pickup Truck,Motorcycle,Black,"1930s, 1933",2025-06-15,"Manufacturer: Indian Motorcycle | Model: Ford V-8 1/2 ton Pickup Truck | Type: Motorcycle | Color: Black | Year: 1930s, 1933 | The stuff of racing legends, this 1932 Indian Chief unrestored motorcycle is appropriately loaded in a 1933 Ford V-8 1/2 ton Pickup truck. Cast your mind back to the early days of motorcycle racing from the 1930s, and this pair of machines helps complete the mental image. All that is missing is the ...",images/CAR52FOO19067008-IndianChief-magenta_wm.tif,NOW(),NOW()
157,CAR52MII10219075-Climbing Geiger Grade_wm.tif,1C13BAEA-1F35-404E-A417-94C58B6EDDE9,Ford,Ford Hot Rod Coupe,Car,Blue,1950s,2025-06-15,"Manufacturer: Ford | Model: Ford Hot Rod Coupe | Type: Car | Color: Blue | Year: 1950s | A Ford Model A Hot Rod climbs the torturous Geiger Grade of the Virginia Range towards Virginia City, home of the infamous Comstock Lode.",images/CAR52MII10219075-Climbing Geiger Grade_wm.tif,NOW(),NOW()
158,CAR52RAN08223919_Counter_wm.tif,DE233AD9-D812-482F-B903-0BBAD6A9E7F5,,,,,,2025-06-15,American Diner counter bedecked with condiment conveniences,images/CAR52RAN08223919_Counter_wm.tif,NOW(),NOW()
159,CAR53DSS08234023_Flat Sea_wm.tif,56B6F955-696D-47D0-B4E9-D1AD01D24444,DeSoto,DeSoto Custom Woodie Wagon,Car,Wood,"1950, 1950s",2025-06-15,"Manufacturer: DeSoto | Model: DeSoto Custom Woodie Wagon | Type: Car | Color: Wood | Year: 1950, 1950s | The DeSoto Woodie Wagon is a good example of just how special woody wagons could be. As a material, wood imparts a distinct look of luxury and craftsmanship (hence its extensive use in automobile interiors to this very day). Unfortunately, wood, when used as an exterior material also requires enormo...",images/CAR53DSS08234023_Flat Sea_wm.tif,NOW(),NOW()
160,CAR53RAZ17002026_ME_wm.tif,18E71533-8578-4027-9AE4-1BC4BEAA2DC8,Maserati,Lincoln C Concept,Indianapolis Race Car,,"1930s, 1938, 2000s, 2009",2025-06-15,"Manufacturer: Maserati | Model: Lincoln C Concept | Type: Indianapolis Race Car | Year: 1930s, 1938, 2000s, 2009 | Billboards along the highway are the original interactive entertainment for travelers",images/CAR53RAZ17002026_ME_wm.tif,NOW(),NOW()
161,CAR54MSS15228520_Maserati Patina_wm.tif,F50D344D-E9F7-45E7-BE52-728DA2BC4E3B,Maserati,Ferrari 250 GT SWB Scaglietti Spyder California,Sports Car,Black,"1960s, 1961",2025-06-15,"Manufacturer: Maserati | Model: Ferrari 250 GT SWB Scaglietti Spyder California | Type: Sports Car | Color: Black | Year: 1960s, 1961 | Distressed paint on original 1955 Maserati A6G 2000 Zagato Coupe",images/CAR54MSS15228520_Maserati Patina_wm.tif,NOW(),NOW()
162,CAR59FOO10255059-vector_wm.tif,7373646A-5D8B-4812-89F2-93CAC2BD0D9D,Ford,Ford Thunderbird,Car,,"1950s, 1956",2025-06-15,"Manufacturer: Ford | Model: Ford Thunderbird | Type: Car | Year: 1950s, 1956 | The genesis of the Ford Thunderbird can be traced back to the end of World War II. Many American GI's stationed in England during the war acquired a taste for the sleek and agile MG's and Jaguars. Chevy answered the call with its famous Corvette, prompting Ford's brilliant response. The Thunderbird ...",images/CAR59FOO10255059-vector_wm.tif,NOW(),NOW()
163,CHDTCL0013944–Boss_wm.tif,D2106A48-0F64-481B-B95E-C3FBCC4EC65D,Chevrolet,Chevrolet DeLuxe Townsman Wagon,Car,Green,1953,2025-06-15,"Manufacturer: Chevrolet | Model: Chevrolet DeLuxe Townsman Wagon | Type: Car | Color: Green | Year: 1953 | If you show up at Zuma Beach driving this Chevrolet Wagon with surf boards loaded topside, you will definitely be the “Boss”.",images/CHDTCL0013944–Boss_wm.tif,NOW(),NOW()
164,CHFMCL0042731_Fleetmaster Surf Wagon-Sepia_wm.tif,0EEB29A0-8A76-4249-97EB-EC1313CBE748,Chevrolet,Chevrolet Fleetmaster Woody Wagon,Car,Green,1948,2025-06-15,Manufacturer: Chevrolet | Model: Chevrolet Fleetmaster Woody Wagon | Type: Car | Color: Green | Year: 1948 | A 1948 Chevrolet Fleetmaster Woodie Wagon with surfboards mounted on a roof rack,images/CHFMCL0042731_Fleetmaster Surf Wagon-Sepia_wm.tif,NOW(),NOW()
165,CHFMCL0042731_ME-Fleetmaster Surf Wagon - Blue_wm.tif,895B0289-1599-4868-832A-CF3420CF5914,Chevrolet,Chevrolet Fleetmaster Woody Wagon,Car,Green,"1940s, 1948",2025-06-15,"Manufacturer: Chevrolet | Model: Chevrolet Fleetmaster Woody Wagon | Type: Car | Color: Green | Year: 1940s, 1948 | A 1948 Chevrolet Fleetmaster Woodie Wagon with surfboards mounted on a roof rack",images/CHFMCL0042731_ME-Fleetmaster Surf Wagon - Blue_wm.tif,NOW(),NOW()
166,CHFMCL0072735-Rescue Man_wm.tif,EB71649B-868A-46C3-A3B2-9527AA1A2116,Chevrolet,Chevrolet Fleetmaster Woody Wagon,Car,Green,"1940s, 1948",2025-06-15,"Manufacturer: Chevrolet | Model: Chevrolet Fleetmaster Woody Wagon | Type: Car | Color: Green | Year: 1940s, 1948 | Chevrolet Fleetmaster Woodie Wagon with surfboards, and a lifeguard station at the ready for life's borderline moments",images/CHFMCL0072735-Rescue Man_wm.tif,NOW(),NOW()
167,CHFMCL0142742-Shoot_the_Curl-2_wm.tif,CABA8EBA-D6EF-468D-8BB5-D6C6EDAB7040,Chevrolet,Chevrolet Fleetmaster Woody Wagon,Car,Green,1948,2025-06-15,"Manufacturer: Chevrolet | Model: Chevrolet Fleetmaster Woody Wagon | Type: Car | Color: Green | Year: 1948 | As a metaphor for how to live life, “Shoot the Curl” imparts zen-like wisdom. A miniature surfing warrior perched atop a radio antennae mounted on a Chevrolet Fleetmaster, exhibits a classic stance as he rockets through the tube of life balanced upon a wave of life’s energy. Our mythological hero is...",images/CHFMCL0142742-Shoot_the_Curl-2_wm.tif,NOW(),NOW()
168,CWCECL0010002_My-Funny-Valentine_wm.tif,B127FC7B-B215-40FC-9782-1B585E7DC59E,Crow,Crow Elkhart,Car,Red,"1910s, 1919",2025-06-15,"Manufacturer: Crow | Model: Crow Elkhart | Type: Car | Color: Red | Year: 1910s, 1919 | So little is known about Martin E. Crow, the founder of Crow-Elkhart Motor Corporation, but reflecting upon this 1919 badge that crowned one of his automobiles I would say he was a man of strong passions that I celebrate on Valentine’s Day. He ""makes me smile in my heart.""

In 1919, the elk was a no...",images/CWCECL0010002_My-Funny-Valentine_wm.tif,NOW(),NOW()
169,FETRCL0100771_wm.tif,ADDF502C-5492-4175-93E4-9F48DF5E3764,Ferrari,Ferrari 250 GT Testarossa,Sports Car,Red,"1980s, 1986",2025-06-15,"Manufacturer: Ferrari | Model: Ferrari 250 GT Testarossa | Type: Sports Car | Color: Red | Year: 1980s, 1986 | The flamboyant, mid-engined, Ferrari Testarossa has become something of a symbol for the flash and wealth of the 1980s. Featured in video games and the TV series Miami Vice, the Testarossa is nonetheless a pure blooded Ferrari, with a powerful 12-cylinder engine and racetrack-ready suspension. Desig...",images/FETRCL0100771_wm.tif,NOW(),NOW()
170,FOCHCL0022459_ME_wm.tif,9F9B3B09-F17F-4E7E-9C06-6C3DC5CCC778,Ford,Ford Coupe Hot Rod,Car,Red,"1930s, 1934",2025-06-15,"Manufacturer: Ford | Model: Ford Coupe Hot Rod | Type: Car | Color: Red | Year: 1930s, 1934 | The telephone poles along this flat stretch of road in California's Central Valley roll by in endless procession. Residents in such country often opt for transportation that contrasts with the landscape, as is certainly the case with this revamped red-hot 1934 Ford Coupe. The hot rod culture flouris...",images/FOCHCL0022459_ME_wm.tif,NOW(),NOW()
171,FOCHCL0022460_Memory_wm.tif,0BCBCCE3-19BB-4CC5-B871-F5591143D38A,Ford,Ford Coupe Hot Rod,Car,Red,"1930s, 1934",2025-06-15,"Manufacturer: Ford | Model: Ford Coupe Hot Rod | Type: Car | Color: Red | Year: 1930s, 1934 | The telephone poles along this flat stretch of road in California's Central Valley roll by in endless procession. Residents in such country often opt for transportation that contrasts with the landscape, as is certainly the case with this revamped red-hot 1934 Ford Coupe. The hot rod culture flouris...",images/FOCHCL0022460_Memory_wm.tif,NOW(),NOW()
172,FOCQCL008000-Surf Stickers_wm.tif,F51E1656-29E9-4EC9-A09C-41F186CE0F71,Ford,Ford Custom Deluxe Country Squire,Car,Wood,1951,2025-06-15,Manufacturer: Ford | Model: Ford Custom Deluxe Country Squire | Type: Car | Color: Wood | Year: 1951 | An integral part of the surf-mania that gripped America in the 1950's and 1960's were Woodie wagons such as these.Stickers are warrior emblems for waves you've ridden at different breaks and often sponsored by surfboard suppliers.,images/FOCQCL008000-Surf Stickers_wm.tif,NOW(),NOW()
173,FOCQCL0100003-Surfari_wm.tif,9A69B793-4F56-4CE6-A40C-216391666C13,Ford,Ford Custom Deluxe Country Squire,Automobile,Wood,1951,2025-06-15,"Manufacturer: Ford | Model: Ford Custom Deluxe Country Squire | Type: Automobile | Color: Wood | Year: 1951 | Woodie wagons were an integral part of the surf-mania that gripped America in the 1950s and 1960s. The wooden station wagon evolved from a depot hack to a gleaming status symbol. Like hand built wooden boats though, they required constant maintenance to preserve their lustrous finish. This Ford Coun...",images/FOCQCL0100003-Surfari_wm.tif,NOW(),NOW()
174,FOCQCL0120001_wm.tif,742263FE-7C95-4066-BDF3-E0E2B067107D,Ford,Ford Custom Deluxe Country Squire,Car,Wood,1951,2025-06-15,Manufacturer: Ford | Model: Ford Custom Deluxe Country Squire | Type: Car | Color: Wood | Year: 1951 | An integral part of the surf-mania that gripped America in the 1950's and 1960's were Woodie wagons such as these.,images/FOCQCL0120001_wm.tif,NOW(),NOW()
175,FOHRCL0032609_wm.tif,B70EC6B4-0DC9-44B4-BD54-590D334910BF,Ford,Ford Hot Rod,Car,Red,"1930s, 1933",2025-06-15,"Manufacturer: Ford | Model: Ford Hot Rod | Type: Car | Color: Red | Year: 1930s, 1933 | Inspired by the souped-up cars of the 1950s, today's modern hot rod builder caters to the men who have made their fortune yet still dream of cruisin' a la American Graffiti. With the flame motif blazing back from the hood and state-of-the-art mechanics below it, this baby is ready to burn up any str...",images/FOHRCL0032609_wm.tif,NOW(),NOW()
176,FOHRCL0062630_wm.tif,EC1707CD-04AB-405E-840D-52441A37E4F0,Ford,Ford Hot Rod,Car,Red,"1933, 1930s",2025-06-15,"Manufacturer: Ford | Model: Ford Hot Rod | Type: Car | Color: Red | Year: 1933, 1930s | Inspired by the souped-up cars of the 1950', today's modern hot rod builder caters to the men who have made their fortune yet still dream of cruisin' a la American Graffiti. With the flame motif blazing back from the hood and state-of-the-art mechanics below it, this baby is ready to burn up any str...",images/FOHRCL0062630_wm.tif,NOW(),NOW()
177,FOMSCL0063903-2_wm.tif,4F71769E-441C-45C4-BC8C-2B3EF80F3CB9,Ford,Ford Model A Station Wagon,Car,Wood,"1920s, 1929",2025-06-15,"Manufacturer: Ford | Model: Ford Model A Station Wagon | Type: Car | Color: Wood | Year: 1920s, 1929 | The boxy shape and warm woodwork of this 1929 Ford Model A Station Wagon make it look a little like a garden-shed on wheels. Many of these workhorse Ford station wagons were originally used as farm vehicles, but found new life ferrying surfers and their boards to and from the beach with the rising a...",images/FOMSCL0063903-2_wm.tif,NOW(),NOW()
178,FOMSCL0063903-Surfin' at Del Mar_wm.tif,DD84533F-023D-4129-85D6-B98A4D7AED2F,Ford,Ford Model A Station Wagon,Car,Wood,"1920s, 1929",2025-06-15,"Manufacturer: Ford | Model: Ford Model A Station Wagon | Type: Car | Color: Wood | Year: 1920s, 1929 | The boxy shape and warm woodwork of this 1929 Ford Model A Station Wagon make it look a little like a garden-shed on wheels. Many of these workhorse Ford station wagons were originally used as farm vehicles, but found new life ferrying surfers and their boards to and from the beach with the rising a...",images/FOMSCL0063903-Surfin' at Del Mar_wm.tif,NOW(),NOW()
179,FOMSCL0103907-Boardom_wm.tif,72673524-F6C7-4867-B865-CF71BD7A7B42,Ford,Ford Model A Station Wagon,Car,Wood,"1920s, 1929",2025-06-15,"Manufacturer: Ford | Model: Ford Model A Station Wagon | Type: Car | Color: Wood | Year: 1920s, 1929 | A Ford Model A Station Wagon with surfboard hanging out the back.",images/FOMSCL0103907-Boardom_wm.tif,NOW(),NOW()
180,GHGDCL0060002-THE GILDA - Discharged_wm.tif,155D7E72-4672-4F8C-B16C-80B71D04EE25,Ghia,Ghia Gilda,Car,Orange,"1950s, 1955",2025-06-15,"Manufacturer: Ghia | Model: Ghia Gilda | Type: Car | Color: Orange | Year: 1950s, 1955 | Italian car design dominated the world in the postwar years, and the 1955 Ghia Gilda is a vivid reminder of why. Love it or hate it, rocket-like fins and powerful flying saucer wedge shapes had a big influence on American car design in the late post-war era. Tail fins on automobiles were frowned upo...",images/GHGDCL0060002-THE GILDA - Discharged_wm.tif,NOW(),NOW()
181,GHGDCL0060002-THE GILDA_wm.tif,0F2B8704-DE55-4ED2-8425-7E0E18E6165E,Ghia,Ghia Gilda,Car,Orange,"1955, 1950s",2025-06-15,"Manufacturer: Ghia | Model: Ghia Gilda | Type: Car | Color: Orange | Year: 1955, 1950s | Italian car design dominated the world in the postwar years, and the 1955 Ghia Gilda is a vivid reminder of why. Love it or hate it, rocket-like fins and powerful flying saucer wedge shapes had a big influence on American car design in the late post-war era. Tail fins on automobiles were frowned upo...",images/GHGDCL0060002-THE GILDA_wm.tif,NOW(),NOW()
182,MIMICL1710001_wm.tif,C4AD1A47-86E7-4431-976F-BEBC7BFFE9F0,Miscellaneous,,,,,2025-06-15,Manufacturer: Miscellaneous | The invention of neon in France provided artisitic expression for a bevy of roadside sign manufacturers.,images/MIMICL1710001_wm.tif,NOW(),NOW()
